old_indiv_id	indiv_id
AALIGNS001682	INDIV_0001
AALIGNS001686	INDIV_0002
AALIGNS002454	INDIV_0003
AALIGNS002446	INDIV_0003
AALIGNS002458	INDIV_0004
AALIGNS002453	INDIV_0004
AALIGNS002455	INDIV_0004
AALIGNS002456	INDIV_0004
AALIGNS002457	INDIV_0004
AALIGNS003139	INDIV_0004
AALIGNS003140	INDIV_0005
AALIGNS002452	INDIV_0005
AALIGNS003133	INDIV_0005
AALIGNS003134	INDIV_0005
AALIGNS003137	INDIV_0005
AALIGNS003138	INDIV_0005
AALIGNS001690	INDIV_0006
AALIGNS001631	INDIV_0007
AALIGNS003497	INDIV_0008
AALIGNS002943	INDIV_0009
AALIGNS002040	INDIV_0009
AALIGNS003144	INDIV_0009
AALIGNS003143	INDIV_0009
AALIGNS003141	INDIV_0009
AALIGNS003142	INDIV_0009
AALIGNS002035	INDIV_0010
AALIGNS002033	INDIV_0010
AALIGNS002947	INDIV_0010
AALIGNS002946	INDIV_0010
AALIGNS002948	INDIV_0010
AALIGNS002945	INDIV_0010
AALIGNS002034	INDIV_0010
AALIGNS002038	INDIV_0010
AALIGNS002039	INDIV_0010
AALIGNS002950	INDIV_0010
AALIGNS002949	INDIV_0010
AALIGNS002465	INDIV_0011
AALIGNS002944	INDIV_0011
AALIGNS003135	INDIV_0011
AALIGNS002466	INDIV_0011
AALIGNS003136	INDIV_0011
AALIGNS002461	INDIV_0011
AALIGNS007785	INDIV_0012
AALIGNS002788	INDIV_0012
AALIGNS009190	INDIV_0012
AALIGNS009151	INDIV_0013
AALIGNS009145	INDIV_0013
AALIGNS007786	INDIV_0013
AALIGNS009138	INDIV_0013
AALIGNS002037	INDIV_0013
AALIGNS009141	INDIV_0013
AALIGNS007784	INDIV_0013
AALIGNS009144	INDIV_0013
AALIGNS009153	INDIV_0013
AALIGNS002463	INDIV_0013
AALIGNS009152	INDIV_0013
AALIGNS002785	INDIV_0013
AALIGNS002464	INDIV_0013
AALIGNS002786	INDIV_0013
AALIGNS002787	INDIV_0013
AALIGNS000798	INDIV_0013
AALIGNS002450	INDIV_0014
AALIGNS002448	INDIV_0014
AALIGNS002445	INDIV_0014
AALIGNS002447	INDIV_0015
AALIGNS003498	INDIV_0015
AALIGNS009149	INDIV_0016
AALIGNS009147	INDIV_0016
AALIGNS002459	INDIV_0017
AALIGNS002462	INDIV_0017
AALIGNS002460	INDIV_0018
AALIGNS002449	INDIV_0018
AALIGNS009148	INDIV_0018
AALIGNS009155	INDIV_0018
AALIGNS009143	INDIV_0018
AALIGNS000799	INDIV_0018
AALIGNS009189	INDIV_0019
AALIGNS009193	INDIV_0019
AALIGNS002451	INDIV_0019
AALIGNS009194	INDIV_0020
AALIGNS009150	INDIV_0021
AALIGNS009142	INDIV_0021
AALIGNS009140	INDIV_0021
AALIGNS009156	INDIV_0022
AALIGNS003495	INDIV_0022
AALIGNS009154	INDIV_0023
AALIGNS009137	INDIV_0024
AALIGNS009187	INDIV_0025
AALIGNS001630	INDIV_0026
AALIGNS003496	INDIV_0027
AALIGNS001073	INDIV_0028
AALIGNS001074	INDIV_0029
AALIGNS000963	INDIV_0030
AALIGNS000964	INDIV_0031
AALIGNS001071	INDIV_0032
AALIGNS000970	INDIV_0033
AALIGNS001072	INDIV_0034
AALIGNS001082	INDIV_0035
AALIGNS001077	INDIV_0036
AALIGNS002140	INDIV_0037
AALIGNS001078	INDIV_0038
AALIGNS002135	INDIV_0039
AALIGNS002136	INDIV_0040
AALIGNS000968	INDIV_0041
AALIGNS002142	INDIV_0042
AALIGNS000957	INDIV_0043
AALIGNS007688	INDIV_0044
AALIGNS007684	INDIV_0044
AALIGNS007683	INDIV_0044
AALIGNS007680	INDIV_0044
AALIGNS007679	INDIV_0044
AALIGNS007687	INDIV_0044
AALIGNS009600	INDIV_0045
AALIGNS009601	INDIV_0045
AALIGNS009599	INDIV_0045
AALIGNS007681	INDIV_0045
AALIGNS007685	INDIV_0045
AALIGNS007686	INDIV_0045
AALIGNS009602	INDIV_0045
AALIGNS002141	INDIV_0046
AALIGNS002139	INDIV_0046
AALIGNS003268	INDIV_0047
AALIGNS002138	INDIV_0047
AALIGNS000967	INDIV_0047
AALIGNS009596	INDIV_0047
AALIGNS009595	INDIV_0048
AALIGNS002137	INDIV_0048
AALIGNS000966	INDIV_0048
AALIGNS000965	INDIV_0048
AALIGNS000958	INDIV_0049
AALIGNS001079	INDIV_0050
AALIGNS001080	INDIV_0051
AALIGNS000955	INDIV_0052
AALIGNS001070	INDIV_0053
AALIGNS007682	INDIV_0054
AALIGNS001069	INDIV_0054
AALIGNS001076	INDIV_0054
AALIGNS001075	INDIV_0055
AALIGNS000956	INDIV_0056
AALIGNS001081	INDIV_0057
AALIGNS002860	INDIV_0058
AALIGNS002910	INDIV_0059
AALIGNS002820	INDIV_0060
AALIGNS002853	INDIV_0061
AALIGNS002867	INDIV_0062
AALIGNS002849	INDIV_0062
AALIGNS002835	INDIV_0063
AALIGNS002885	INDIV_0064
AALIGNS002870	INDIV_0065
AALIGNS002830	INDIV_0066
AALIGNS002855	INDIV_0067
AALIGNS002834	INDIV_0068
AALIGNS002839	INDIV_0068
AALIGNS002843	INDIV_0068
AALIGNS002824	INDIV_0068
AALIGNS002887	INDIV_0068
AALIGNS002815	INDIV_0069
AALIGNS002837	INDIV_0070
AALIGNS002841	INDIV_0071
AALIGNS002877	INDIV_0072
AALIGNS002832	INDIV_0072
AALIGNS002816	INDIV_0072
AALIGNS002874	INDIV_0073
AALIGNS002817	INDIV_0073
AALIGNS003148	INDIV_0074
AALIGNS003147	INDIV_0074
AALIGNS002888	INDIV_0075
AALIGNS002886	INDIV_0075
AALIGNS002842	INDIV_0076
AALIGNS002848	INDIV_0076
AALIGNS002821	INDIV_0076
AALIGNS002871	INDIV_0076
AALIGNS002818	INDIV_0076
AALIGNS002827	INDIV_0077
AALIGNS002894	INDIV_0078
AALIGNS002838	INDIV_0079
AALIGNS002890	INDIV_0080
AALIGNS002892	INDIV_0081
AALIGNS002883	INDIV_0082
AALIGNS002862	INDIV_0083
AALIGNS002882	INDIV_0084
AALIGNS002858	INDIV_0085
AALIGNS003149	INDIV_0086
AALIGNS003150	INDIV_0087
AALIGNS002852	INDIV_0088
AALIGNS002875	INDIV_0089
AALIGNS002873	INDIV_0089
AALIGNS002868	INDIV_0090
AALIGNS002866	INDIV_0091
AALIGNS003145	INDIV_0092
AALIGNS002828	INDIV_0093
AALIGNS003151	INDIV_0094
AALIGNS002899	INDIV_0095
AALIGNS001498	INDIV_0096
AALIGNS001466	INDIV_0096
AALIGNS001472	INDIV_0096
AALIGNS001467	INDIV_0096
AALIGNS001468	INDIV_0096
AALIGNS001485	INDIV_0096
AALIGNS001496	INDIV_0096
AALIGNS001473	INDIV_0096
AALIGNS001464	INDIV_0096
AALIGNS001465	INDIV_0096
AALIGNS001470	INDIV_0096
AALIGNS001504	INDIV_0096
AALIGNS001502	INDIV_0096
AALIGNS001469	INDIV_0096
AALIGNS001500	INDIV_0096
AALIGNS001499	INDIV_0096
AALIGNS001474	INDIV_0096
AALIGNS001475	INDIV_0096
AALIGNS001481	INDIV_0096
AALIGNS001477	INDIV_0096
AALIGNS001487	INDIV_0096
AALIGNS001488	INDIV_0096
AALIGNS001489	INDIV_0096
AALIGNS001490	INDIV_0096
AALIGNS001491	INDIV_0096
AALIGNS001492	INDIV_0096
AALIGNS001493	INDIV_0096
AALIGNS001494	INDIV_0096
AALIGNS001486	INDIV_0096
AALIGNS001495	INDIV_0096
AALIGNS001497	INDIV_0096
AALIGNS001484	INDIV_0096
AALIGNS001483	INDIV_0096
AALIGNS001482	INDIV_0096
AALIGNS001480	INDIV_0096
AALIGNS001479	INDIV_0096
AALIGNS001478	INDIV_0096
AALIGNS001476	INDIV_0096
AALIGNS001501	INDIV_0096
AALIGNS001505	INDIV_0097
AALIGNS001506	INDIV_0097
AALIGNS001471	INDIV_0098
AALIGNS001503	INDIV_0099
AALIGNS007665	INDIV_0100
AALIGNS007662	INDIV_0100
AALIGNS007660	INDIV_0100
AALIGNS007657	INDIV_0100
AALIGNS007654	INDIV_0100
AALIGNS007651	INDIV_0100
AALIGNS007652	INDIV_0101
AALIGNS007653	INDIV_0101
AALIGNS007656	INDIV_0101
AALIGNS007649	INDIV_0101
AALIGNS007650	INDIV_0101
AALIGNS007666	INDIV_0101
AALIGNS007663	INDIV_0101
AALIGNS007661	INDIV_0101
AALIGNS007659	INDIV_0101
AALIGNS007658	INDIV_0101
AALIGNS007664	INDIV_0101
AALIGNS009414	INDIV_0102
AALIGNS009411	INDIV_0102
AALIGNS007655	INDIV_0103
AALIGNS009390	INDIV_0104
AALIGNS009266	INDIV_0105
AALIGNS009275	INDIV_0105
AALIGNS009265	INDIV_0106
AALIGNS000234	INDIV_0107
AALIGNS000941	INDIV_0108
AALIGNS007818	INDIV_0109
AALIGNS007815	INDIV_0110
AALIGNS007816	INDIV_0111
AALIGNS007819	INDIV_0112
AALIGNS000938	INDIV_0113
AALIGNS000931	INDIV_0114
AALIGNS002560	INDIV_0115
AALIGNS002561	INDIV_0115
AALIGNS000945	INDIV_0115
AALIGNS000946	INDIV_0116
AALIGNS000935	INDIV_0117
AALIGNS001771	INDIV_0118
AALIGNS003572	INDIV_0118
AALIGNS003573	INDIV_0118
AALIGNS000952	INDIV_0119
AALIGNS000951	INDIV_0119
AALIGNS000950	INDIV_0119
AALIGNS000940	INDIV_0119
AALIGNS000942	INDIV_0119
AALIGNS000939	INDIV_0119
AALIGNS000943	INDIV_0119
AALIGNS000944	INDIV_0120
AALIGNS000953	INDIV_0120
AALIGNS003574	INDIV_0121
AALIGNS003575	INDIV_0121
AALIGNS003576	INDIV_0121
AALIGNS003571	INDIV_0122
AALIGNS000954	INDIV_0122
AALIGNS003569	INDIV_0122
AALIGNS003570	INDIV_0122
AALIGNS000932	INDIV_0123
AALIGNS000934	INDIV_0124
AALIGNS007814	INDIV_0125
AALIGNS007817	INDIV_0126
AALIGNS000936	INDIV_0127
AALIGNS000937	INDIV_0128
AALIGNS000933	INDIV_0129
AALIGNS000947	INDIV_0130
AALIGNS000949	INDIV_0131
AALIGNS000948	INDIV_0132
AALIGNS001837	INDIV_0133
AALIGNS001839	INDIV_0134
AALIGNS001831	INDIV_0135
AALIGNS001835	INDIV_0136
AALIGNS001858	INDIV_0137
AALIGNS001838	INDIV_0138
AALIGNS001844	INDIV_0139
AALIGNS001848	INDIV_0140
AALIGNS001861	INDIV_0141
AALIGNS001860	INDIV_0141
AALIGNS001836	INDIV_0141
AALIGNS001832	INDIV_0142
AALIGNS001862	INDIV_0143
AALIGNS001859	INDIV_0143
AALIGNS001847	INDIV_0143
AALIGNS001840	INDIV_0143
AALIGNS001845	INDIV_0143
AALIGNS001841	INDIV_0144
AALIGNS001829	INDIV_0144
AALIGNS001865	INDIV_0145
AALIGNS001857	INDIV_0146
AALIGNS001855	INDIV_0146
AALIGNS001849	INDIV_0147
AALIGNS001834	INDIV_0147
AALIGNS001851	INDIV_0147
AALIGNS001852	INDIV_0148
AALIGNS001846	INDIV_0148
AALIGNS001843	INDIV_0149
AALIGNS001853	INDIV_0149
AALIGNS001866	INDIV_0149
AALIGNS001833	INDIV_0150
AALIGNS001842	INDIV_0151
AALIGNS001854	INDIV_0152
AALIGNS001856	INDIV_0153
AALIGNS001850	INDIV_0154
AALIGNS001826	INDIV_0155
AALIGNS001828	INDIV_0156
AALIGNS001825	INDIV_0157
AALIGNS001830	INDIV_0158
AALIGNS001827	INDIV_0159
AALIGNS002154	INDIV_0160
AALIGNS002157	INDIV_0161
AALIGNS002149	INDIV_0162
AALIGNS002150	INDIV_0162
AALIGNS002158	INDIV_0163
AALIGNS000733	INDIV_0163
AALIGNS002153	INDIV_0164
AALIGNS000703	INDIV_0165
AALIGNS000701	INDIV_0165
AALIGNS000700	INDIV_0165
AALIGNS000702	INDIV_0165
AALIGNS000736	INDIV_0166
AALIGNS000731	INDIV_0166
AALIGNS000732	INDIV_0166
AALIGNS000734	INDIV_0166
AALIGNS000729	INDIV_0166
AALIGNS000728	INDIV_0166
AALIGNS000726	INDIV_0167
AALIGNS000727	INDIV_0167
AALIGNS000730	INDIV_0167
AALIGNS000735	INDIV_0167
AALIGNS000725	INDIV_0168
AALIGNS003518	INDIV_0169
AALIGNS003519	INDIV_0169
AALIGNS000709	INDIV_0169
AALIGNS000708	INDIV_0169
AALIGNS002170	INDIV_0169
AALIGNS000710	INDIV_0170
AALIGNS003520	INDIV_0171
AALIGNS000707	INDIV_0172
AALIGNS000706	INDIV_0172
AALIGNS000704	INDIV_0172
AALIGNS000705	INDIV_0173
AALIGNS000711	INDIV_0174
AALIGNS003517	INDIV_0174
AALIGNS003522	INDIV_0175
AALIGNS002174	INDIV_0176
AALIGNS002173	INDIV_0176
AALIGNS003521	INDIV_0177
AALIGNS002172	INDIV_0178
AALIGNS002171	INDIV_0179
AALIGNS002555	INDIV_0180
AALIGNS003060	INDIV_0181
AALIGNS003052	INDIV_0182
AALIGNS003626	INDIV_0182
AALIGNS003627	INDIV_0183
AALIGNS003053	INDIV_0183
AALIGNS002553	INDIV_0184
AALIGNS003055	INDIV_0184
AALIGNS003057	INDIV_0184
AALIGNS003621	INDIV_0184
AALIGNS003051	INDIV_0184
AALIGNS003619	INDIV_0184
AALIGNS003056	INDIV_0185
AALIGNS003620	INDIV_0185
AALIGNS003048	INDIV_0186
AALIGNS003614	INDIV_0186
AALIGNS003059	INDIV_0186
AALIGNS002550	INDIV_0186
AALIGNS003065	INDIV_0187
AALIGNS002552	INDIV_0187
AALIGNS003062	INDIV_0187
AALIGNS003063	INDIV_0187
AALIGNS003049	INDIV_0187
AALIGNS003066	INDIV_0187
AALIGNS003064	INDIV_0187
AALIGNS003050	INDIV_0187
AALIGNS003618	INDIV_0187
AALIGNS003061	INDIV_0187
AALIGNS003616	INDIV_0187
AALIGNS003615	INDIV_0187
AALIGNS003054	INDIV_0187
AALIGNS002551	INDIV_0187
AALIGNS003058	INDIV_0188
AALIGNS003622	INDIV_0188
AALIGNS003047	INDIV_0189
AALIGNS003046	INDIV_0189
AALIGNS000620	INDIV_0190
AALIGNS009353	INDIV_0191
AALIGNS001526	INDIV_0192
AALIGNS002878	INDIV_0193
AALIGNS003272	INDIV_0194
AALIGNS009359	INDIV_0195
AALIGNS009363	INDIV_0196
AALIGNS009354	INDIV_0197
AALIGNS009356	INDIV_0198
AALIGNS001137	INDIV_0199
AALIGNS001141	INDIV_0200
AALIGNS001143	INDIV_0201
AALIGNS001145	INDIV_0202
AALIGNS001147	INDIV_0203
AALIGNS001149	INDIV_0204
AALIGNS001109	INDIV_0205
AALIGNS001111	INDIV_0206
AALIGNS001113	INDIV_0207
AALIGNS001117	INDIV_0208
AALIGNS001121	INDIV_0209
AALIGNS001133	INDIV_0210
AALIGNS001112	INDIV_0211
AALIGNS001134	INDIV_0212
AALIGNS001138	INDIV_0213
AALIGNS001142	INDIV_0214
AALIGNS001144	INDIV_0215
AALIGNS001146	INDIV_0216
AALIGNS001114	INDIV_0217
AALIGNS001106	INDIV_0218
AALIGNS001122	INDIV_0219
AALIGNS001124	INDIV_0220
AALIGNS001128	INDIV_0221
AALIGNS001130	INDIV_0222
AALIGNS001148	INDIV_0223
AALIGNS002288	INDIV_0224
AALIGNS000769	INDIV_0225
AALIGNS001041	INDIV_0225
AALIGNS001042	INDIV_0225
AALIGNS008884	INDIV_0225
AALIGNS001044	INDIV_0225
AALIGNS001047	INDIV_0225
AALIGNS001048	INDIV_0225
AALIGNS008880	INDIV_0225
AALIGNS001050	INDIV_0225
AALIGNS001051	INDIV_0225
AALIGNS001052	INDIV_0225
AALIGNS000770	INDIV_0225
AALIGNS008881	INDIV_0225
AALIGNS000771	INDIV_0225
AALIGNS001049	INDIV_0225
AALIGNS008885	INDIV_0225
AALIGNS001045	INDIV_0225
AALIGNS001055	INDIV_0225
AALIGNS008882	INDIV_0225
AALIGNS008876	INDIV_0225
AALIGNS008877	INDIV_0225
AALIGNS008878	INDIV_0225
AALIGNS008886	INDIV_0225
AALIGNS008891	INDIV_0225
AALIGNS008888	INDIV_0225
AALIGNS008879	INDIV_0225
AALIGNS000768	INDIV_0225
AALIGNS001054	INDIV_0225
AALIGNS008889	INDIV_0225
AALIGNS008883	INDIV_0225
AALIGNS008890	INDIV_0225
AALIGNS000767	INDIV_0225
AALIGNS008887	INDIV_0225
AALIGNS000766	INDIV_0225
AALIGNS001924	INDIV_0226
AALIGNS001930	INDIV_0227
AALIGNS001934	INDIV_0228
AALIGNS001943	INDIV_0229
AALIGNS001916	INDIV_0230
AALIGNS001925	INDIV_0231
AALIGNS001940	INDIV_0232
AALIGNS001936	INDIV_0232
AALIGNS001929	INDIV_0233
AALIGNS001926	INDIV_0233
AALIGNS001919	INDIV_0233
AALIGNS001921	INDIV_0234
AALIGNS001931	INDIV_0234
AALIGNS001939	INDIV_0234
AALIGNS001927	INDIV_0234
AALIGNS001918	INDIV_0235
AALIGNS001938	INDIV_0235
AALIGNS001915	INDIV_0235
AALIGNS001933	INDIV_0235
AALIGNS001937	INDIV_0235
AALIGNS001932	INDIV_0235
AALIGNS001922	INDIV_0235
AALIGNS001917	INDIV_0235
AALIGNS001935	INDIV_0235
AALIGNS001928	INDIV_0235
AALIGNS001923	INDIV_0235
AALIGNS001913	INDIV_0236
AALIGNS001912	INDIV_0237
AALIGNS001920	INDIV_0238
AALIGNS001910	INDIV_0239
AALIGNS001911	INDIV_0240
AALIGNS001908	INDIV_0241
AALIGNS001914	INDIV_0242
AALIGNS001941	INDIV_0243
AALIGNS001944	INDIV_0244
AALIGNS001942	INDIV_0245
AALIGNS001718	INDIV_0246
AALIGNS001719	INDIV_0246
AALIGNS007917	INDIV_0247
AALIGNS007915	INDIV_0247
AALIGNS002519	INDIV_0247
AALIGNS007901	INDIV_0248
AALIGNS007904	INDIV_0249
AALIGNS007912	INDIV_0250
AALIGNS007911	INDIV_0250
AALIGNS007908	INDIV_0250
AALIGNS007910	INDIV_0250
AALIGNS007907	INDIV_0251
AALIGNS007906	INDIV_0251
AALIGNS001358	INDIV_0251
AALIGNS007899	INDIV_0251
AALIGNS007900	INDIV_0251
AALIGNS007902	INDIV_0251
AALIGNS007914	INDIV_0251
AALIGNS007918	INDIV_0251
AALIGNS007905	INDIV_0251
AALIGNS002523	INDIV_0251
AALIGNS002524	INDIV_0251
AALIGNS002522	INDIV_0251
AALIGNS002521	INDIV_0251
AALIGNS002520	INDIV_0251
AALIGNS007903	INDIV_0251
AALIGNS001360	INDIV_0252
AALIGNS007916	INDIV_0253
AALIGNS001359	INDIV_0254
AALIGNS007913	INDIV_0255
AALIGNS007841	INDIV_0256
AALIGNS007847	INDIV_0257
AALIGNS007852	INDIV_0258
AALIGNS007868	INDIV_0259
AALIGNS007848	INDIV_0260
AALIGNS007842	INDIV_0260
AALIGNS007857	INDIV_0260
AALIGNS007856	INDIV_0261
AALIGNS007853	INDIV_0261
AALIGNS007840	INDIV_0261
AALIGNS007839	INDIV_0261
AALIGNS007855	INDIV_0262
AALIGNS007854	INDIV_0263
AALIGNS007858	INDIV_0263
AALIGNS007866	INDIV_0263
AALIGNS007865	INDIV_0263
AALIGNS007843	INDIV_0263
AALIGNS007844	INDIV_0263
AALIGNS007846	INDIV_0263
AALIGNS007869	INDIV_0264
AALIGNS007845	INDIV_0265
AALIGNS007867	INDIV_0266
AALIGNS000171	INDIV_0267
AALIGNS000168	INDIV_0267
AALIGNS000169	INDIV_0267
AALIGNS000172	INDIV_0268
AALIGNS000170	INDIV_0268
AALIGNS000173	INDIV_0269
AALIGNS001085	INDIV_0270
AALIGNS001086	INDIV_0271
AALIGNS001084	INDIV_0272
AALIGNS001083	INDIV_0272
AALIGNS007822	INDIV_0273
AALIGNS007823	INDIV_0274
AALIGNS002424	INDIV_0275
AALIGNS002428	INDIV_0275
AALIGNS002423	INDIV_0275
AALIGNS002427	INDIV_0275
AALIGNS002426	INDIV_0275
AALIGNS002430	INDIV_0276
AALIGNS003025	INDIV_0277
AALIGNS003022	INDIV_0277
AALIGNS003023	INDIV_0277
AALIGNS003020	INDIV_0277
AALIGNS003019	INDIV_0277
AALIGNS003021	INDIV_0277
AALIGNS003018	INDIV_0278
AALIGNS003024	INDIV_0278
AALIGNS002429	INDIV_0279
AALIGNS001868	INDIV_0280
AALIGNS001872	INDIV_0281
AALIGNS001870	INDIV_0282
AALIGNS001902	INDIV_0283
AALIGNS001889	INDIV_0283
AALIGNS001896	INDIV_0283
AALIGNS001898	INDIV_0284
AALIGNS001879	INDIV_0284
AALIGNS001907	INDIV_0284
AALIGNS001878	INDIV_0284
AALIGNS001899	INDIV_0285
AALIGNS001901	INDIV_0285
AALIGNS001885	INDIV_0285
AALIGNS001887	INDIV_0285
AALIGNS001893	INDIV_0285
AALIGNS001895	INDIV_0285
AALIGNS001897	INDIV_0285
AALIGNS001877	INDIV_0285
AALIGNS001891	INDIV_0286
AALIGNS001873	INDIV_0287
AALIGNS001903	INDIV_0288
AALIGNS001883	INDIV_0289
AALIGNS001886	INDIV_0290
AALIGNS001874	INDIV_0291
AALIGNS001441	INDIV_0292
AALIGNS001442	INDIV_0292
AALIGNS001428	INDIV_0292
AALIGNS001449	INDIV_0292
AALIGNS001440	INDIV_0292
AALIGNS001443	INDIV_0292
AALIGNS001450	INDIV_0292
AALIGNS001426	INDIV_0292
AALIGNS001444	INDIV_0292
AALIGNS001439	INDIV_0292
AALIGNS001427	INDIV_0292
AALIGNS001445	INDIV_0292
AALIGNS001434	INDIV_0292
AALIGNS001433	INDIV_0292
AALIGNS001432	INDIV_0292
AALIGNS001431	INDIV_0292
AALIGNS001429	INDIV_0292
AALIGNS001438	INDIV_0292
AALIGNS001446	INDIV_0292
AALIGNS001447	INDIV_0292
AALIGNS001436	INDIV_0292
AALIGNS001430	INDIV_0293
AALIGNS000858	INDIV_0294
AALIGNS000851	INDIV_0294
AALIGNS000859	INDIV_0294
AALIGNS000860	INDIV_0295
AALIGNS000852	INDIV_0295
AALIGNS000857	INDIV_0296
AALIGNS000850	INDIV_0296
AALIGNS000849	INDIV_0296
AALIGNS000853	INDIV_0297
AALIGNS000856	INDIV_0297
AALIGNS000854	INDIV_0297
AALIGNS000855	INDIV_0297
AALIGNS000607	INDIV_0298
AALIGNS000617	INDIV_0298
AALIGNS000609	INDIV_0299
AALIGNS000611	INDIV_0300
AALIGNS000610	INDIV_0300
AALIGNS000616	INDIV_0300
AALIGNS000608	INDIV_0301
AALIGNS000606	INDIV_0301
AALIGNS000612	INDIV_0302
AALIGNS000613	INDIV_0302
AALIGNS000615	INDIV_0303
AALIGNS000614	INDIV_0304
AALIGNS000670	INDIV_0305
AALIGNS000672	INDIV_0306
AALIGNS000673	INDIV_0307
AALIGNS000669	INDIV_0308
AALIGNS000666	INDIV_0309
AALIGNS000665	INDIV_0309
AALIGNS002642	INDIV_0309
AALIGNS000667	INDIV_0310
AALIGNS000674	INDIV_0311
AALIGNS000664	INDIV_0311
AALIGNS000679	INDIV_0311
AALIGNS000663	INDIV_0311
AALIGNS002640	INDIV_0311
AALIGNS002641	INDIV_0311
AALIGNS000662	INDIV_0311
AALIGNS000675	INDIV_0312
AALIGNS000671	INDIV_0312
AALIGNS000677	INDIV_0313
AALIGNS000678	INDIV_0313
AALIGNS000676	INDIV_0314
AALIGNS000668	INDIV_0315
AALIGNS001536	INDIV_0316
AALIGNS001542	INDIV_0316
AALIGNS001531	INDIV_0316
AALIGNS001541	INDIV_0316
AALIGNS001543	INDIV_0316
AALIGNS001530	INDIV_0316
AALIGNS001527	INDIV_0316
AALIGNS001545	INDIV_0316
AALIGNS001540	INDIV_0316
AALIGNS001529	INDIV_0316
AALIGNS001538	INDIV_0316
AALIGNS001544	INDIV_0316
AALIGNS001532	INDIV_0316
AALIGNS001546	INDIV_0316
AALIGNS001533	INDIV_0316
AALIGNS001539	INDIV_0316
AALIGNS001535	INDIV_0316
AALIGNS001537	INDIV_0316
AALIGNS001549	INDIV_0316
AALIGNS001534	INDIV_0316
AALIGNS009325	INDIV_0317
AALIGNS009349	INDIV_0317
AALIGNS009348	INDIV_0317
AALIGNS009347	INDIV_0317
AALIGNS009351	INDIV_0317
AALIGNS009346	INDIV_0317
AALIGNS009328	INDIV_0317
AALIGNS009326	INDIV_0317
AALIGNS009345	INDIV_0317
AALIGNS009335	INDIV_0317
AALIGNS009334	INDIV_0317
AALIGNS009333	INDIV_0317
AALIGNS009332	INDIV_0317
AALIGNS009331	INDIV_0317
AALIGNS009330	INDIV_0317
AALIGNS009329	INDIV_0317
AALIGNS009327	INDIV_0317
AALIGNS009336	INDIV_0317
AALIGNS009350	INDIV_0318
AALIGNS009352	INDIV_0318
AALIGNS009442	INDIV_0319
AALIGNS009438	INDIV_0319
AALIGNS009444	INDIV_0320
AALIGNS009443	INDIV_0320
AALIGNS009441	INDIV_0320
AALIGNS009439	INDIV_0320
AALIGNS009430	INDIV_0320
AALIGNS009433	INDIV_0321
AALIGNS009449	INDIV_0322
AALIGNS009450	INDIV_0322
AALIGNS009445	INDIV_0323
AALIGNS009446	INDIV_0324
AALIGNS009452	INDIV_0325
AALIGNS009431	INDIV_0326
AALIGNS009435	INDIV_0326
AALIGNS009432	INDIV_0326
AALIGNS009434	INDIV_0326
AALIGNS009448	INDIV_0327
AALIGNS009447	INDIV_0328
AALIGNS003647	INDIV_0329
AALIGNS003070	INDIV_0329
AALIGNS003684	INDIV_0330
AALIGNS003646	INDIV_0331
AALIGNS003075	INDIV_0331
AALIGNS003703	INDIV_0332
AALIGNS003685	INDIV_0333
AALIGNS003701	INDIV_0334
AALIGNS003702	INDIV_0335
AALIGNS003705	INDIV_0336
AALIGNS003645	INDIV_0337
AALIGNS003076	INDIV_0337
AALIGNS003072	INDIV_0338
AALIGNS003649	INDIV_0338
AALIGNS003650	INDIV_0339
AALIGNS003073	INDIV_0339
AALIGNS003686	INDIV_0340
AALIGNS003704	INDIV_0340
AALIGNS001339	INDIV_0341
AALIGNS001347	INDIV_0342
AALIGNS001331	INDIV_0343
AALIGNS001345	INDIV_0344
AALIGNS001346	INDIV_0344
AALIGNS001348	INDIV_0344
AALIGNS001354	INDIV_0345
AALIGNS001352	INDIV_0346
AALIGNS001355	INDIV_0346
AALIGNS001350	INDIV_0346
AALIGNS001335	INDIV_0346
AALIGNS001344	INDIV_0346
AALIGNS001332	INDIV_0346
AALIGNS001342	INDIV_0346
AALIGNS001340	INDIV_0347
AALIGNS001343	INDIV_0347
AALIGNS001336	INDIV_0347
AALIGNS001357	INDIV_0348
AALIGNS001349	INDIV_0348
AALIGNS001338	INDIV_0349
AALIGNS001951	INDIV_0350
AALIGNS001978	INDIV_0351
AALIGNS001979	INDIV_0352
AALIGNS001954	INDIV_0353
AALIGNS001959	INDIV_0354
AALIGNS001963	INDIV_0355
AALIGNS001953	INDIV_0356
AALIGNS001981	INDIV_0357
AALIGNS001970	INDIV_0358
AALIGNS001962	INDIV_0358
AALIGNS001974	INDIV_0359
AALIGNS001957	INDIV_0360
AALIGNS001976	INDIV_0361
AALIGNS001950	INDIV_0362
AALIGNS001958	INDIV_0363
AALIGNS001952	INDIV_0364
AALIGNS001964	INDIV_0365
AALIGNS001973	INDIV_0366
AALIGNS002687	INDIV_0367
AALIGNS002688	INDIV_0367
AALIGNS002689	INDIV_0367
AALIGNS002690	INDIV_0367
AALIGNS002691	INDIV_0367
AALIGNS002692	INDIV_0367
AALIGNS002693	INDIV_0367
AALIGNS002678	INDIV_0367
AALIGNS002686	INDIV_0367
AALIGNS002677	INDIV_0367
AALIGNS002679	INDIV_0367
AALIGNS002680	INDIV_0367
AALIGNS002681	INDIV_0367
AALIGNS002682	INDIV_0367
AALIGNS002685	INDIV_0367
AALIGNS002683	INDIV_0368
AALIGNS002684	INDIV_0369
AALIGNS000929	INDIV_0370
AALIGNS002543	INDIV_0371
AALIGNS002623	INDIV_0372
AALIGNS000740	INDIV_0372
AALIGNS002546	INDIV_0372
AALIGNS002622	INDIV_0372
AALIGNS002544	INDIV_0373
AALIGNS001577	INDIV_0373
AALIGNS001573	INDIV_0373
AALIGNS002545	INDIV_0373
AALIGNS001575	INDIV_0373
AALIGNS001576	INDIV_0373
AALIGNS001578	INDIV_0373
AALIGNS001574	INDIV_0373
AALIGNS000928	INDIV_0374
AALIGNS002624	INDIV_0375
AALIGNS002625	INDIV_0376
AALIGNS003473	INDIV_0377
AALIGNS003477	INDIV_0377
AALIGNS003480	INDIV_0378
AALIGNS003484	INDIV_0379
AALIGNS003474	INDIV_0379
AALIGNS003483	INDIV_0379
AALIGNS003489	INDIV_0379
AALIGNS003476	INDIV_0379
AALIGNS003481	INDIV_0379
AALIGNS003478	INDIV_0380
AALIGNS003479	INDIV_0380
AALIGNS003475	INDIV_0380
AALIGNS003482	INDIV_0380
AALIGNS003485	INDIV_0380
AALIGNS003486	INDIV_0380
AALIGNS003487	INDIV_0380
AALIGNS003488	INDIV_0380
AALIGNS003677	INDIV_0381
AALIGNS003721	INDIV_0382
AALIGNS003675	INDIV_0383
AALIGNS003674	INDIV_0384
AALIGNS003724	INDIV_0384
AALIGNS003676	INDIV_0384
AALIGNS003722	INDIV_0384
AALIGNS003699	INDIV_0385
AALIGNS003678	INDIV_0385
AALIGNS003698	INDIV_0385
AALIGNS003719	INDIV_0385
AALIGNS003723	INDIV_0385
AALIGNS003681	INDIV_0385
AALIGNS003697	INDIV_0385
AALIGNS003680	INDIV_0386
AALIGNS003720	INDIV_0387
AALIGNS002219	INDIV_0388
AALIGNS002220	INDIV_0388
AALIGNS002222	INDIV_0388
AALIGNS002189	INDIV_0389
AALIGNS002191	INDIV_0389
AALIGNS002248	INDIV_0389
AALIGNS002247	INDIV_0389
AALIGNS002250	INDIV_0389
AALIGNS002249	INDIV_0389
AALIGNS002221	INDIV_0389
AALIGNS002244	INDIV_0390
AALIGNS002243	INDIV_0390
AALIGNS002192	INDIV_0390
AALIGNS002245	INDIV_0390
AALIGNS002190	INDIV_0390
AALIGNS002246	INDIV_0390
AALIGNS002649	INDIV_0391
AALIGNS002654	INDIV_0391
AALIGNS002651	INDIV_0391
AALIGNS002650	INDIV_0391
AALIGNS002652	INDIV_0391
AALIGNS002653	INDIV_0391
AALIGNS002655	INDIV_0391
AALIGNS002694	INDIV_0391
AALIGNS002648	INDIV_0391
AALIGNS002647	INDIV_0391
AALIGNS002657	INDIV_0391
AALIGNS002697	INDIV_0391
AALIGNS002696	INDIV_0391
AALIGNS002695	INDIV_0391
AALIGNS002656	INDIV_0391
AALIGNS001418	INDIV_0392
AALIGNS001407	INDIV_0392
AALIGNS001410	INDIV_0393
AALIGNS001413	INDIV_0393
AALIGNS001411	INDIV_0393
AALIGNS001414	INDIV_0393
AALIGNS001421	INDIV_0393
AALIGNS001423	INDIV_0393
AALIGNS001425	INDIV_0393
AALIGNS001422	INDIV_0393
AALIGNS001415	INDIV_0393
AALIGNS001417	INDIV_0393
AALIGNS001419	INDIV_0394
AALIGNS001409	INDIV_0395
AALIGNS001416	INDIV_0396
AALIGNS003280	INDIV_0397
AALIGNS003281	INDIV_0398
AALIGNS003273	INDIV_0399
AALIGNS003284	INDIV_0399
AALIGNS003279	INDIV_0400
AALIGNS003282	INDIV_0400
AALIGNS003276	INDIV_0400
AALIGNS003275	INDIV_0401
AALIGNS003283	INDIV_0402
AALIGNS003274	INDIV_0403
AALIGNS003278	INDIV_0404
AALIGNS000782	INDIV_0405
AALIGNS000784	INDIV_0406
AALIGNS000785	INDIV_0407
AALIGNS002716	INDIV_0408
AALIGNS002717	INDIV_0408
AALIGNS002712	INDIV_0408
AALIGNS002721	INDIV_0408
AALIGNS002718	INDIV_0408
AALIGNS002723	INDIV_0408
AALIGNS002724	INDIV_0408
AALIGNS002715	INDIV_0408
AALIGNS002722	INDIV_0408
AALIGNS002720	INDIV_0408
AALIGNS002713	INDIV_0408
AALIGNS002714	INDIV_0408
AALIGNS002719	INDIV_0408
AALIGNS007740	INDIV_0409
AALIGNS007741	INDIV_0409
AALIGNS007730	INDIV_0409
AALIGNS007731	INDIV_0409
AALIGNS007742	INDIV_0409
AALIGNS007738	INDIV_0409
AALIGNS007739	INDIV_0409
AALIGNS007736	INDIV_0409
AALIGNS007732	INDIV_0409
AALIGNS007733	INDIV_0409
AALIGNS007737	INDIV_0409
AALIGNS007735	INDIV_0409
AALIGNS007734	INDIV_0409
AALIGNS009287	INDIV_0410
AALIGNS009296	INDIV_0411
AALIGNS009288	INDIV_0412
AALIGNS009294	INDIV_0412
AALIGNS009291	INDIV_0412
AALIGNS009292	INDIV_0412
AALIGNS009289	INDIV_0413
AALIGNS009293	INDIV_0413
AALIGNS009285	INDIV_0413
AALIGNS009286	INDIV_0413
AALIGNS009297	INDIV_0413
AALIGNS009295	INDIV_0413
AALIGNS009290	INDIV_0414
AALIGNS001679	INDIV_0415
AALIGNS001318	INDIV_0415
AALIGNS001317	INDIV_0415
AALIGNS001316	INDIV_0415
AALIGNS001680	INDIV_0415
AALIGNS001313	INDIV_0416
AALIGNS001311	INDIV_0416
AALIGNS001315	INDIV_0416
AALIGNS001314	INDIV_0416
AALIGNS009561	INDIV_0417
AALIGNS001310	INDIV_0418
AALIGNS001312	INDIV_0419
AALIGNS009562	INDIV_0420
AALIGNS002659	INDIV_0421
AALIGNS002669	INDIV_0421
AALIGNS002668	INDIV_0421
AALIGNS002666	INDIV_0421
AALIGNS002664	INDIV_0421
AALIGNS002663	INDIV_0421
AALIGNS002665	INDIV_0421
AALIGNS002661	INDIV_0421
AALIGNS002667	INDIV_0421
AALIGNS002658	INDIV_0421
AALIGNS002660	INDIV_0421
AALIGNS002662	INDIV_0421
AALIGNS001752	INDIV_0422
AALIGNS001750	INDIV_0422
AALIGNS001754	INDIV_0422
AALIGNS001753	INDIV_0422
AALIGNS001751	INDIV_0422
AALIGNS001745	INDIV_0422
AALIGNS001749	INDIV_0422
AALIGNS001748	INDIV_0422
AALIGNS001746	INDIV_0422
AALIGNS001744	INDIV_0422
AALIGNS001747	INDIV_0422
AALIGNS001743	INDIV_0423
AALIGNS001455	INDIV_0424
AALIGNS001461	INDIV_0425
AALIGNS001459	INDIV_0426
AALIGNS001458	INDIV_0426
AALIGNS001452	INDIV_0426
AALIGNS001457	INDIV_0426
AALIGNS001454	INDIV_0426
AALIGNS001451	INDIV_0427
AALIGNS001453	INDIV_0427
AALIGNS001463	INDIV_0427
AALIGNS001456	INDIV_0427
AALIGNS001460	INDIV_0427
AALIGNS001761	INDIV_0428
AALIGNS001760	INDIV_0428
AALIGNS001767	INDIV_0428
AALIGNS001769	INDIV_0428
AALIGNS001759	INDIV_0428
AALIGNS001764	INDIV_0428
AALIGNS001765	INDIV_0428
AALIGNS001766	INDIV_0428
AALIGNS001763	INDIV_0428
AALIGNS001762	INDIV_0428
AALIGNS001768	INDIV_0429
AALIGNS001770	INDIV_0430
AALIGNS001523	INDIV_0431
AALIGNS001507	INDIV_0431
AALIGNS001517	INDIV_0431
AALIGNS001518	INDIV_0431
AALIGNS001522	INDIV_0431
AALIGNS001520	INDIV_0431
AALIGNS001525	INDIV_0431
AALIGNS001524	INDIV_0431
AALIGNS001516	INDIV_0431
AALIGNS001519	INDIV_0431
AALIGNS001508	INDIV_0432
AALIGNS001521	INDIV_0433
AALIGNS003131	INDIV_0434
AALIGNS003126	INDIV_0434
AALIGNS003125	INDIV_0434
AALIGNS003124	INDIV_0434
AALIGNS003122	INDIV_0434
AALIGNS003121	INDIV_0434
AALIGNS003127	INDIV_0434
AALIGNS003129	INDIV_0434
AALIGNS003130	INDIV_0434
AALIGNS003132	INDIV_0434
AALIGNS003128	INDIV_0434
AALIGNS003123	INDIV_0435
AALIGNS003260	INDIV_0436
AALIGNS003257	INDIV_0436
AALIGNS003255	INDIV_0437
AALIGNS003261	INDIV_0438
AALIGNS003251	INDIV_0439
AALIGNS002491	INDIV_0439
AALIGNS003252	INDIV_0440
AALIGNS003250	INDIV_0440
AALIGNS003254	INDIV_0440
AALIGNS003253	INDIV_0440
AALIGNS003258	INDIV_0440
AALIGNS003256	INDIV_0440
AALIGNS001738	INDIV_0441
AALIGNS002725	INDIV_0442
AALIGNS002707	INDIV_0442
AALIGNS002701	INDIV_0442
AALIGNS002698	INDIV_0442
AALIGNS002703	INDIV_0442
AALIGNS002702	INDIV_0442
AALIGNS002699	INDIV_0442
AALIGNS002708	INDIV_0442
AALIGNS002704	INDIV_0442
AALIGNS002700	INDIV_0442
AALIGNS002705	INDIV_0443
AALIGNS001552	INDIV_0444
AALIGNS001550	INDIV_0444
AALIGNS001551	INDIV_0444
AALIGNS001559	INDIV_0444
AALIGNS001553	INDIV_0444
AALIGNS001555	INDIV_0444
AALIGNS001556	INDIV_0444
AALIGNS001558	INDIV_0444
AALIGNS001560	INDIV_0444
AALIGNS001561	INDIV_0444
AALIGNS001557	INDIV_0445
AALIGNS003588	INDIV_0446
AALIGNS003589	INDIV_0447
AALIGNS009197	INDIV_0448
AALIGNS003587	INDIV_0448
AALIGNS003106	INDIV_0448
AALIGNS003585	INDIV_0449
AALIGNS003107	INDIV_0449
AALIGNS002122	INDIV_0449
AALIGNS002121	INDIV_0450
AALIGNS003586	INDIV_0451
AALIGNS007790	INDIV_0452
AALIGNS007796	INDIV_0453
AALIGNS001014	INDIV_0454
AALIGNS001135	INDIV_0455
AALIGNS007121	INDIV_0456
AALIGNS007123	INDIV_0456
AALIGNS007125	INDIV_0456
AALIGNS007122	INDIV_0456
AALIGNS007124	INDIV_0456
AALIGNS007112	INDIV_0456
AALIGNS007120	INDIV_0456
AALIGNS007108	INDIV_0456
AALIGNS007109	INDIV_0456
AALIGNS007113	INDIV_0457
AALIGNS008833	INDIV_0458
AALIGNS008834	INDIV_0458
AALIGNS008835	INDIV_0458
AALIGNS008832	INDIV_0458
AALIGNS008831	INDIV_0458
AALIGNS008844	INDIV_0458
AALIGNS008842	INDIV_0458
AALIGNS008843	INDIV_0458
AALIGNS008845	INDIV_0458
AALIGNS008830	INDIV_0458
AALIGNS007645	INDIV_0459
AALIGNS007637	INDIV_0459
AALIGNS007641	INDIV_0459
AALIGNS007638	INDIV_0459
AALIGNS007646	INDIV_0459
AALIGNS007644	INDIV_0459
AALIGNS007639	INDIV_0459
AALIGNS007640	INDIV_0459
AALIGNS007643	INDIV_0459
AALIGNS007642	INDIV_0459
AALIGNS002530	INDIV_0460
AALIGNS002535	INDIV_0460
AALIGNS002536	INDIV_0460
AALIGNS002537	INDIV_0460
AALIGNS002529	INDIV_0461
AALIGNS002538	INDIV_0461
AALIGNS002532	INDIV_0461
AALIGNS002534	INDIV_0462
AALIGNS002533	INDIV_0462
AALIGNS002531	INDIV_0463
AALIGNS003637	INDIV_0464
AALIGNS003089	INDIV_0464
AALIGNS003091	INDIV_0465
AALIGNS003093	INDIV_0465
AALIGNS003640	INDIV_0465
AALIGNS003639	INDIV_0465
AALIGNS003638	INDIV_0465
AALIGNS003641	INDIV_0465
AALIGNS003092	INDIV_0465
AALIGNS003090	INDIV_0465
AALIGNS008903	INDIV_0466
AALIGNS008902	INDIV_0466
AALIGNS008895	INDIV_0467
AALIGNS008896	INDIV_0467
AALIGNS008900	INDIV_0467
AALIGNS008901	INDIV_0467
AALIGNS008897	INDIV_0467
AALIGNS008892	INDIV_0468
AALIGNS008898	INDIV_0469
AALIGNS008899	INDIV_0470
AALIGNS007941	INDIV_0471
AALIGNS007942	INDIV_0471
AALIGNS007940	INDIV_0471
AALIGNS007943	INDIV_0471
AALIGNS007945	INDIV_0472
AALIGNS007946	INDIV_0472
AALIGNS007947	INDIV_0472
AALIGNS007948	INDIV_0473
AALIGNS007944	INDIV_0474
AALIGNS009210	INDIV_0475
AALIGNS009207	INDIV_0475
AALIGNS009214	INDIV_0475
AALIGNS009211	INDIV_0475
AALIGNS009208	INDIV_0476
AALIGNS009202	INDIV_0477
AALIGNS009206	INDIV_0478
AALIGNS009213	INDIV_0479
AALIGNS009215	INDIV_0480
AALIGNS008852	INDIV_0481
AALIGNS008856	INDIV_0481
AALIGNS008851	INDIV_0481
AALIGNS008853	INDIV_0482
AALIGNS008860	INDIV_0483
AALIGNS008859	INDIV_0484
AALIGNS008857	INDIV_0484
AALIGNS008861	INDIV_0485
AALIGNS008858	INDIV_0486
AALIGNS007557	INDIV_0487
AALIGNS007553	INDIV_0487
AALIGNS007555	INDIV_0488
AALIGNS007560	INDIV_0489
AALIGNS007564	INDIV_0490
AALIGNS007554	INDIV_0491
AALIGNS007559	INDIV_0491
AALIGNS007558	INDIV_0492
AALIGNS007556	INDIV_0492
AALIGNS009279	INDIV_0493
AALIGNS009267	INDIV_0493
AALIGNS009277	INDIV_0493
AALIGNS009269	INDIV_0494
AALIGNS009280	INDIV_0495
AALIGNS009274	INDIV_0496
AALIGNS009278	INDIV_0497
AALIGNS009413	INDIV_0498
AALIGNS009415	INDIV_0498
AALIGNS009409	INDIV_0498
AALIGNS009388	INDIV_0499
AALIGNS009389	INDIV_0499
AALIGNS009393	INDIV_0499
AALIGNS003469	INDIV_0500
AALIGNS003470	INDIV_0501
AALIGNS009271	INDIV_0502
AALIGNS009261	INDIV_0503
AALIGNS009273	INDIV_0504
AALIGNS009412	INDIV_0505
AALIGNS009268	INDIV_0506
AALIGNS009264	INDIV_0507
AALIGNS002606	INDIV_0508
AALIGNS002612	INDIV_0508
AALIGNS002611	INDIV_0508
AALIGNS002608	INDIV_0508
AALIGNS002609	INDIV_0508
AALIGNS002607	INDIV_0508
AALIGNS002610	INDIV_0508
AALIGNS002613	INDIV_0508
AALIGNS000592	INDIV_0509
AALIGNS000569	INDIV_0509
AALIGNS000580	INDIV_0510
AALIGNS000583	INDIV_0510
AALIGNS000586	INDIV_0510
AALIGNS000589	INDIV_0510
AALIGNS000577	INDIV_0510
AALIGNS000574	INDIV_0511
AALIGNS009313	INDIV_0512
AALIGNS009308	INDIV_0512
AALIGNS009309	INDIV_0512
AALIGNS009310	INDIV_0512
AALIGNS009311	INDIV_0512
AALIGNS009312	INDIV_0512
AALIGNS009314	INDIV_0512
AALIGNS009307	INDIV_0512
AALIGNS000593	INDIV_0513
AALIGNS000578	INDIV_0513
AALIGNS000590	INDIV_0513
AALIGNS000581	INDIV_0513
AALIGNS000584	INDIV_0513
AALIGNS000570	INDIV_0513
AALIGNS000587	INDIV_0513
AALIGNS000575	INDIV_0514
AALIGNS001002	INDIV_0515
AALIGNS000997	INDIV_0515
AALIGNS000998	INDIV_0515
AALIGNS000999	INDIV_0515
AALIGNS001000	INDIV_0515
AALIGNS001001	INDIV_0515
AALIGNS001003	INDIV_0515
AALIGNS001004	INDIV_0516
AALIGNS000560	INDIV_0517
AALIGNS000559	INDIV_0517
AALIGNS000558	INDIV_0517
AALIGNS000561	INDIV_0517
AALIGNS000565	INDIV_0517
AALIGNS000563	INDIV_0517
AALIGNS000564	INDIV_0517
AALIGNS000562	INDIV_0517
AALIGNS007597	INDIV_0518
AALIGNS007586	INDIV_0518
AALIGNS007598	INDIV_0519
AALIGNS007590	INDIV_0519
AALIGNS007596	INDIV_0519
AALIGNS007591	INDIV_0520
AALIGNS007599	INDIV_0521
AALIGNS007588	INDIV_0522
AALIGNS000588	INDIV_0523
AALIGNS000571	INDIV_0523
AALIGNS002503	INDIV_0524
AALIGNS000576	INDIV_0524
AALIGNS000579	INDIV_0524
AALIGNS000582	INDIV_0524
AALIGNS000585	INDIV_0525
AALIGNS000591	INDIV_0526
AALIGNS007696	INDIV_0527
AALIGNS007697	INDIV_0527
AALIGNS007897	INDIV_0528
AALIGNS007895	INDIV_0528
AALIGNS007898	INDIV_0528
AALIGNS007896	INDIV_0529
AALIGNS007878	INDIV_0530
AALIGNS007891	INDIV_0531
AALIGNS003530	INDIV_0532
AALIGNS003532	INDIV_0532
AALIGNS003529	INDIV_0532
AALIGNS003531	INDIV_0533
AALIGNS003554	INDIV_0534
AALIGNS003553	INDIV_0534
AALIGNS003556	INDIV_0535
AALIGNS003555	INDIV_0536
AALIGNS002631	INDIV_0537
AALIGNS002633	INDIV_0537
AALIGNS001652	INDIV_0537
AALIGNS002630	INDIV_0537
AALIGNS002632	INDIV_0537
AALIGNS002318	INDIV_0538
AALIGNS002313	INDIV_0538
AALIGNS002314	INDIV_0538
AALIGNS002315	INDIV_0538
AALIGNS002316	INDIV_0539
AALIGNS000551	INDIV_0540
AALIGNS000550	INDIV_0540
AALIGNS000553	INDIV_0540
AALIGNS000556	INDIV_0540
AALIGNS000552	INDIV_0541
AALIGNS000557	INDIV_0541
AALIGNS000554	INDIV_0542
AALIGNS000555	INDIV_0543
AALIGNS002567	INDIV_0544
AALIGNS002565	INDIV_0544
AALIGNS002566	INDIV_0545
AALIGNS002574	INDIV_0546
AALIGNS002573	INDIV_0546
AALIGNS002576	INDIV_0547
AALIGNS002575	INDIV_0547
AALIGNS002568	INDIV_0548
AALIGNS007703	INDIV_0549
AALIGNS007700	INDIV_0549
AALIGNS007702	INDIV_0550
AALIGNS008904	INDIV_0551
AALIGNS007705	INDIV_0552
AALIGNS008905	INDIV_0553
AALIGNS008906	INDIV_0554
AALIGNS007699	INDIV_0555
AALIGNS003096	INDIV_0556
AALIGNS003661	INDIV_0556
AALIGNS003097	INDIV_0557
AALIGNS003662	INDIV_0557
AALIGNS003095	INDIV_0558
AALIGNS003094	INDIV_0558
AALIGNS003659	INDIV_0558
AALIGNS003660	INDIV_0558
AALIGNS000744	INDIV_0559
AALIGNS000743	INDIV_0559
AALIGNS000742	INDIV_0559
AALIGNS000745	INDIV_0559
AALIGNS000746	INDIV_0559
AALIGNS000747	INDIV_0559
AALIGNS000741	INDIV_0559
AALIGNS001401	INDIV_0560
AALIGNS001386	INDIV_0560
AALIGNS001389	INDIV_0560
AALIGNS001395	INDIV_0560
AALIGNS001392	INDIV_0560
AALIGNS001404	INDIV_0560
AALIGNS001398	INDIV_0560
AALIGNS001514	INDIV_0561
AALIGNS001509	INDIV_0561
AALIGNS001510	INDIV_0561
AALIGNS001515	INDIV_0561
AALIGNS001512	INDIV_0561
AALIGNS001511	INDIV_0561
AALIGNS001513	INDIV_0561
AALIGNS001400	INDIV_0562
AALIGNS001397	INDIV_0562
AALIGNS001394	INDIV_0562
AALIGNS001388	INDIV_0562
AALIGNS001391	INDIV_0562
AALIGNS001406	INDIV_0562
AALIGNS001403	INDIV_0562
AALIGNS001393	INDIV_0563
AALIGNS001390	INDIV_0563
AALIGNS001396	INDIV_0563
AALIGNS001399	INDIV_0563
AALIGNS001387	INDIV_0563
AALIGNS001405	INDIV_0563
AALIGNS001402	INDIV_0563
AALIGNS002733	INDIV_0564
AALIGNS002732	INDIV_0564
AALIGNS002731	INDIV_0564
AALIGNS002729	INDIV_0564
AALIGNS002727	INDIV_0564
AALIGNS002730	INDIV_0564
AALIGNS002728	INDIV_0565
AALIGNS003540	INDIV_0566
AALIGNS003539	INDIV_0566
AALIGNS003538	INDIV_0566
AALIGNS003537	INDIV_0567
AALIGNS003560	INDIV_0568
AALIGNS003562	INDIV_0569
AALIGNS003561	INDIV_0570
AALIGNS000542	INDIV_0571
AALIGNS000544	INDIV_0571
AALIGNS000543	INDIV_0571
AALIGNS000548	INDIV_0571
AALIGNS000549	INDIV_0571
AALIGNS000545	INDIV_0571
AALIGNS000546	INDIV_0572
AALIGNS009406	INDIV_0573
AALIGNS009407	INDIV_0573
AALIGNS009403	INDIV_0573
AALIGNS009402	INDIV_0573
AALIGNS009401	INDIV_0573
AALIGNS009400	INDIV_0573
AALIGNS009404	INDIV_0574
AALIGNS003471	INDIV_0575
AALIGNS003472	INDIV_0576
AALIGNS003493	INDIV_0577
AALIGNS002422	INDIV_0577
AALIGNS002421	INDIV_0577
AALIGNS002420	INDIV_0578
AALIGNS002419	INDIV_0578
AALIGNS003651	INDIV_0579
AALIGNS003652	INDIV_0579
AALIGNS003687	INDIV_0579
AALIGNS003080	INDIV_0579
AALIGNS003081	INDIV_0580
AALIGNS003083	INDIV_0581
AALIGNS003706	INDIV_0582
AALIGNS007783	INDIV_0583
AALIGNS007787	INDIV_0584
AALIGNS009121	INDIV_0585
AALIGNS009122	INDIV_0585
AALIGNS003111	INDIV_0585
AALIGNS009120	INDIV_0586
AALIGNS009123	INDIV_0587
AALIGNS009119	INDIV_0588
AALIGNS009124	INDIV_0589
AALIGNS002071	INDIV_0590
AALIGNS002617	INDIV_0590
AALIGNS002075	INDIV_0590
AALIGNS002074	INDIV_0590
AALIGNS002073	INDIV_0590
AALIGNS002072	INDIV_0590
AALIGNS001376	INDIV_0591
AALIGNS001378	INDIV_0591
AALIGNS001375	INDIV_0591
AALIGNS001379	INDIV_0591
AALIGNS001380	INDIV_0591
AALIGNS001377	INDIV_0591
AALIGNS002809	INDIV_0592
AALIGNS002810	INDIV_0592
AALIGNS002812	INDIV_0592
AALIGNS002813	INDIV_0592
AALIGNS002814	INDIV_0592
AALIGNS002811	INDIV_0592
AALIGNS003327	INDIV_0593
AALIGNS003330	INDIV_0593
AALIGNS003328	INDIV_0593
AALIGNS003331	INDIV_0593
AALIGNS003329	INDIV_0593
AALIGNS003332	INDIV_0593
AALIGNS002053	INDIV_0594
AALIGNS002050	INDIV_0594
AALIGNS002052	INDIV_0594
AALIGNS002051	INDIV_0594
AALIGNS002054	INDIV_0594
AALIGNS002055	INDIV_0594
AALIGNS002621	INDIV_0595
AALIGNS002090	INDIV_0595
AALIGNS002089	INDIV_0595
AALIGNS002088	INDIV_0595
AALIGNS002086	INDIV_0595
AALIGNS002087	INDIV_0596
AALIGNS001823	INDIV_0597
AALIGNS001820	INDIV_0597
AALIGNS001824	INDIV_0597
AALIGNS001821	INDIV_0597
AALIGNS001822	INDIV_0597
AALIGNS001819	INDIV_0597
AALIGNS007110	INDIV_0598
AALIGNS007119	INDIV_0598
AALIGNS007118	INDIV_0598
AALIGNS007111	INDIV_0598
AALIGNS007114	INDIV_0598
AALIGNS007115	INDIV_0599
AALIGNS002043	INDIV_0600
AALIGNS002044	INDIV_0600
AALIGNS002042	INDIV_0600
AALIGNS002046	INDIV_0600
AALIGNS002041	INDIV_0600
AALIGNS002045	INDIV_0601
AALIGNS003548	INDIV_0602
AALIGNS003547	INDIV_0602
AALIGNS003546	INDIV_0602
AALIGNS003566	INDIV_0602
AALIGNS003567	INDIV_0602
AALIGNS003545	INDIV_0602
AALIGNS009174	INDIV_0603
AALIGNS009165	INDIV_0603
AALIGNS009168	INDIV_0603
AALIGNS009170	INDIV_0604
AALIGNS009172	INDIV_0605
AALIGNS009162	INDIV_0606
AALIGNS009226	INDIV_0607
AALIGNS009227	INDIV_0607
AALIGNS009223	INDIV_0607
AALIGNS009229	INDIV_0608
AALIGNS009224	INDIV_0609
AALIGNS009225	INDIV_0610
AALIGNS007861	INDIV_0611
AALIGNS007860	INDIV_0611
AALIGNS007862	INDIV_0612
AALIGNS007863	INDIV_0613
AALIGNS007864	INDIV_0614
AALIGNS003395	INDIV_0615
AALIGNS003403	INDIV_0616
AALIGNS003397	INDIV_0617
AALIGNS003401	INDIV_0618
AALIGNS003393	INDIV_0619
AALIGNS003402	INDIV_0620
AALIGNS002292	INDIV_0621
AALIGNS002294	INDIV_0621
AALIGNS002295	INDIV_0622
AALIGNS002293	INDIV_0623
AALIGNS002296	INDIV_0624
AALIGNS002291	INDIV_0625
AALIGNS000748	INDIV_0626
AALIGNS000761	INDIV_0626
AALIGNS000749	INDIV_0627
AALIGNS000755	INDIV_0627
AALIGNS000754	INDIV_0628
AALIGNS000760	INDIV_0629
AALIGNS009421	INDIV_0630
AALIGNS009423	INDIV_0631
AALIGNS009398	INDIV_0632
AALIGNS009399	INDIV_0633
AALIGNS009397	INDIV_0634
AALIGNS009396	INDIV_0634
AALIGNS009420	INDIV_0635
AALIGNS009216	INDIV_0636
AALIGNS009221	INDIV_0636
AALIGNS009219	INDIV_0636
AALIGNS009220	INDIV_0637
AALIGNS009217	INDIV_0638
AALIGNS009218	INDIV_0639
AALIGNS007756	INDIV_0640
AALIGNS007754	INDIV_0640
AALIGNS007755	INDIV_0641
AALIGNS007753	INDIV_0641
AALIGNS007752	INDIV_0642
AALIGNS007757	INDIV_0643
AALIGNS003624	INDIV_0644
AALIGNS003625	INDIV_0644
AALIGNS003069	INDIV_0644
AALIGNS003068	INDIV_0644
AALIGNS003623	INDIV_0644
AALIGNS003067	INDIV_0644
AALIGNS003500	INDIV_0645
AALIGNS003499	INDIV_0645
AALIGNS007673	INDIV_0645
AALIGNS000567	INDIV_0645
AALIGNS000572	INDIV_0645
AALIGNS007671	INDIV_0646
AALIGNS002616	INDIV_0647
AALIGNS002068	INDIV_0647
AALIGNS002069	INDIV_0647
AALIGNS002070	INDIV_0647
AALIGNS002067	INDIV_0647
AALIGNS002615	INDIV_0648
AALIGNS002065	INDIV_0648
AALIGNS002063	INDIV_0648
AALIGNS002064	INDIV_0648
AALIGNS002066	INDIV_0648
AALIGNS002076	INDIV_0649
AALIGNS002079	INDIV_0649
AALIGNS002078	INDIV_0649
AALIGNS002077	INDIV_0649
AALIGNS002618	INDIV_0649
AALIGNS002083	INDIV_0650
AALIGNS002081	INDIV_0650
AALIGNS002080	INDIV_0650
AALIGNS002082	INDIV_0650
AALIGNS002619	INDIV_0651
AALIGNS002060	INDIV_0652
AALIGNS002061	INDIV_0652
AALIGNS002614	INDIV_0652
AALIGNS002062	INDIV_0652
AALIGNS002059	INDIV_0652
AALIGNS002740	INDIV_0653
AALIGNS002743	INDIV_0653
AALIGNS002739	INDIV_0653
AALIGNS002742	INDIV_0653
AALIGNS002741	INDIV_0654
AALIGNS003527	INDIV_0655
AALIGNS003526	INDIV_0655
AALIGNS003550	INDIV_0655
AALIGNS003549	INDIV_0655
AALIGNS003551	INDIV_0655
AALIGNS007791	INDIV_0656
AALIGNS007792	INDIV_0656
AALIGNS007793	INDIV_0656
AALIGNS007788	INDIV_0656
AALIGNS007789	INDIV_0656
AALIGNS002738	INDIV_0657
AALIGNS002735	INDIV_0657
AALIGNS002736	INDIV_0657
AALIGNS002737	INDIV_0657
AALIGNS002734	INDIV_0657
AALIGNS002927	INDIV_0658
AALIGNS002928	INDIV_0658
AALIGNS002926	INDIV_0658
AALIGNS002925	INDIV_0659
AALIGNS000930	INDIV_0660
AALIGNS000752	INDIV_0661
AALIGNS000753	INDIV_0662
AALIGNS000758	INDIV_0663
AALIGNS000765	INDIV_0664
AALIGNS000764	INDIV_0665
AALIGNS002279	INDIV_0666
AALIGNS002495	INDIV_0667
AALIGNS003504	INDIV_0668
AALIGNS003505	INDIV_0669
AALIGNS002280	INDIV_0670
AALIGNS000874	INDIV_0671
AALIGNS000875	INDIV_0671
AALIGNS000873	INDIV_0672
AALIGNS000876	INDIV_0673
AALIGNS000878	INDIV_0674
AALIGNS001150	INDIV_0675
AALIGNS002558	INDIV_0676
AALIGNS009355	INDIV_0677
AALIGNS001110	INDIV_0678
AALIGNS001691	INDIV_0679
AALIGNS001689	INDIV_0679
AALIGNS001681	INDIV_0680
AALIGNS001684	INDIV_0681
AALIGNS001685	INDIV_0682
AALIGNS007562	INDIV_0683
AALIGNS007563	INDIV_0684
AALIGNS009101	INDIV_0685
AALIGNS009102	INDIV_0685
AALIGNS009106	INDIV_0685
AALIGNS009105	INDIV_0685
AALIGNS009103	INDIV_0686
AALIGNS009107	INDIV_0686
AALIGNS009104	INDIV_0686
AALIGNS009108	INDIV_0686
AALIGNS009255	INDIV_0687
AALIGNS009258	INDIV_0687
AALIGNS009257	INDIV_0687
AALIGNS009256	INDIV_0687
AALIGNS002626	INDIV_0688
AALIGNS002629	INDIV_0688
AALIGNS002628	INDIV_0688
AALIGNS002627	INDIV_0688
AALIGNS003341	INDIV_0689
AALIGNS003339	INDIV_0689
AALIGNS003342	INDIV_0689
AALIGNS003340	INDIV_0689
AALIGNS007797	INDIV_0690
AALIGNS007801	INDIV_0690
AALIGNS007798	INDIV_0690
AALIGNS007799	INDIV_0690
AALIGNS002676	INDIV_0691
AALIGNS002673	INDIV_0691
AALIGNS002674	INDIV_0691
AALIGNS002675	INDIV_0691
AALIGNS002097	INDIV_0692
AALIGNS002096	INDIV_0692
AALIGNS002095	INDIV_0692
AALIGNS002098	INDIV_0692
AALIGNS002469	INDIV_0693
AALIGNS002470	INDIV_0693
AALIGNS002471	INDIV_0693
AALIGNS002472	INDIV_0693
AALIGNS002124	INDIV_0694
AALIGNS002123	INDIV_0694
AALIGNS002126	INDIV_0694
AALIGNS002125	INDIV_0694
AALIGNS002127	INDIV_0695
AALIGNS002128	INDIV_0695
AALIGNS002129	INDIV_0695
AALIGNS002130	INDIV_0695
AALIGNS001056	INDIV_0696
AALIGNS001053	INDIV_0696
AALIGNS001046	INDIV_0696
AALIGNS001043	INDIV_0696
AALIGNS002327	INDIV_0697
AALIGNS002325	INDIV_0697
AALIGNS002328	INDIV_0697
AALIGNS002326	INDIV_0697
AALIGNS002091	INDIV_0698
AALIGNS002094	INDIV_0698
AALIGNS002093	INDIV_0698
AALIGNS002092	INDIV_0698
AALIGNS003542	INDIV_0699
AALIGNS003543	INDIV_0699
AALIGNS003544	INDIV_0699
AALIGNS003565	INDIV_0699
AALIGNS001582	INDIV_0700
AALIGNS001579	INDIV_0700
AALIGNS001580	INDIV_0700
AALIGNS001581	INDIV_0700
AALIGNS003734	INDIV_0701
AALIGNS003731	INDIV_0701
AALIGNS003728	INDIV_0701
AALIGNS003737	INDIV_0701
AALIGNS003736	INDIV_0702
AALIGNS003730	INDIV_0702
AALIGNS003727	INDIV_0702
AALIGNS003733	INDIV_0702
AALIGNS009379	INDIV_0703
AALIGNS009380	INDIV_0703
AALIGNS009378	INDIV_0703
AALIGNS009381	INDIV_0703
AALIGNS009254	INDIV_0704
AALIGNS009253	INDIV_0704
AALIGNS009252	INDIV_0704
AALIGNS009251	INDIV_0704
AALIGNS002771	INDIV_0705
AALIGNS002770	INDIV_0705
AALIGNS002772	INDIV_0705
AALIGNS002773	INDIV_0705
AALIGNS003077	INDIV_0706
AALIGNS003629	INDIV_0706
AALIGNS003628	INDIV_0706
AALIGNS003078	INDIV_0706
AALIGNS000841	INDIV_0707
AALIGNS000820	INDIV_0707
AALIGNS000836	INDIV_0707
AALIGNS000826	INDIV_0707
AALIGNS002117	INDIV_0708
AALIGNS002118	INDIV_0708
AALIGNS002120	INDIV_0708
AALIGNS002119	INDIV_0708
AALIGNS000962	INDIV_0709
AALIGNS000959	INDIV_0709
AALIGNS000960	INDIV_0709
AALIGNS000961	INDIV_0709
AALIGNS001367	INDIV_0710
AALIGNS001366	INDIV_0710
AALIGNS001373	INDIV_0710
AALIGNS001372	INDIV_0710
AALIGNS002917	INDIV_0711
AALIGNS002916	INDIV_0711
AALIGNS002915	INDIV_0712
AALIGNS002914	INDIV_0713
AALIGNS008865	INDIV_0714
AALIGNS008864	INDIV_0714
AALIGNS008863	INDIV_0714
AALIGNS008862	INDIV_0714
AALIGNS001742	INDIV_0715
AALIGNS001741	INDIV_0715
AALIGNS003577	INDIV_0715
AALIGNS003578	INDIV_0715
AALIGNS001758	INDIV_0716
AALIGNS001756	INDIV_0716
AALIGNS001757	INDIV_0717
AALIGNS001755	INDIV_0718
AALIGNS007775	INDIV_0719
AALIGNS007777	INDIV_0719
AALIGNS007773	INDIV_0720
AALIGNS007779	INDIV_0721
AALIGNS007781	INDIV_0722
AALIGNS002151	INDIV_0723
AALIGNS002152	INDIV_0723
AALIGNS002156	INDIV_0724
AALIGNS002159	INDIV_0725
AALIGNS003322	INDIV_0726
AALIGNS003326	INDIV_0726
AALIGNS003321	INDIV_0726
AALIGNS003323	INDIV_0726
AALIGNS003246	INDIV_0727
AALIGNS003245	INDIV_0727
AALIGNS003244	INDIV_0727
AALIGNS003247	INDIV_0727
AALIGNS007802	INDIV_0728
AALIGNS007805	INDIV_0728
AALIGNS007804	INDIV_0728
AALIGNS007803	INDIV_0728
AALIGNS000868	INDIV_0729
AALIGNS000866	INDIV_0729
AALIGNS000865	INDIV_0729
AALIGNS000867	INDIV_0729
AALIGNS003635	INDIV_0730
AALIGNS003636	INDIV_0730
AALIGNS003087	INDIV_0730
AALIGNS003088	INDIV_0730
AALIGNS003167	INDIV_0731
AALIGNS003166	INDIV_0731
AALIGNS003169	INDIV_0731
AALIGNS003168	INDIV_0731
AALIGNS003717	INDIV_0732
AALIGNS003716	INDIV_0732
AALIGNS003692	INDIV_0732
AALIGNS003691	INDIV_0732
AALIGNS002605	INDIV_0733
AALIGNS002602	INDIV_0733
AALIGNS002603	INDIV_0734
AALIGNS002604	INDIV_0735
AALIGNS002485	INDIV_0736
AALIGNS007764	INDIV_0736
AALIGNS007765	INDIV_0736
AALIGNS007766	INDIV_0736
AALIGNS009341	INDIV_0737
AALIGNS009342	INDIV_0737
AALIGNS009343	INDIV_0737
AALIGNS009344	INDIV_0737
AALIGNS009610	INDIV_0738
AALIGNS009616	INDIV_0738
AALIGNS009609	INDIV_0739
AALIGNS009612	INDIV_0740
AALIGNS003233	INDIV_0741
AALIGNS003234	INDIV_0741
AALIGNS003235	INDIV_0741
AALIGNS003236	INDIV_0741
AALIGNS007780	INDIV_0742
AALIGNS007782	INDIV_0743
AALIGNS007774	INDIV_0744
AALIGNS007776	INDIV_0745
AALIGNS007778	INDIV_0746
AALIGNS000618	INDIV_0747
AALIGNS001632	INDIV_0748
AALIGNS001633	INDIV_0748
AALIGNS001635	INDIV_0748
AALIGNS001634	INDIV_0748
AALIGNS003354	INDIV_0749
AALIGNS003356	INDIV_0749
AALIGNS003355	INDIV_0750
AALIGNS003349	INDIV_0751
AALIGNS007758	INDIV_0752
AALIGNS007761	INDIV_0752
AALIGNS007760	INDIV_0752
AALIGNS007759	INDIV_0752
AALIGNS001273	INDIV_0753
AALIGNS001272	INDIV_0753
AALIGNS001270	INDIV_0754
AALIGNS001271	INDIV_0755
AALIGNS001275	INDIV_0756
AALIGNS003634	INDIV_0757
AALIGNS003633	INDIV_0757
AALIGNS003086	INDIV_0757
AALIGNS003085	INDIV_0757
AALIGNS001775	INDIV_0758
AALIGNS001773	INDIV_0758
AALIGNS001774	INDIV_0759
AALIGNS001776	INDIV_0760
AALIGNS002236	INDIV_0761
AALIGNS002235	INDIV_0761
AALIGNS002238	INDIV_0761
AALIGNS002237	INDIV_0761
AALIGNS001671	INDIV_0762
AALIGNS001672	INDIV_0763
AALIGNS001673	INDIV_0764
AALIGNS001674	INDIV_0765
AALIGNS001676	INDIV_0766
AALIGNS001675	INDIV_0767
AALIGNS009385	INDIV_0768
AALIGNS009384	INDIV_0768
AALIGNS009382	INDIV_0769
AALIGNS009383	INDIV_0770
AALIGNS002528	INDIV_0771
AALIGNS002526	INDIV_0771
AALIGNS002525	INDIV_0772
AALIGNS002527	INDIV_0773
AALIGNS008868	INDIV_0774
AALIGNS008867	INDIV_0774
AALIGNS008869	INDIV_0775
AALIGNS008866	INDIV_0776
AALIGNS003739	INDIV_0777
AALIGNS003726	INDIV_0777
AALIGNS003735	INDIV_0777
AALIGNS003729	INDIV_0777
AALIGNS002901	INDIV_0778
AALIGNS003146	INDIV_0779
AALIGNS003110	INDIV_0780
AALIGNS009235	INDIV_0781
AALIGNS009244	INDIV_0782
AALIGNS009242	INDIV_0783
AALIGNS009237	INDIV_0784
AALIGNS000756	INDIV_0785
AALIGNS000757	INDIV_0786
AALIGNS000751	INDIV_0787
AALIGNS000763	INDIV_0788
AALIGNS001435	INDIV_0789
AALIGNS001437	INDIV_0790
AALIGNS001448	INDIV_0791
AALIGNS003501	INDIV_0792
AALIGNS007674	INDIV_0792
AALIGNS000568	INDIV_0792
AALIGNS000573	INDIV_0792
AALIGNS003103	INDIV_0793
AALIGNS003632	INDIV_0793
AALIGNS003631	INDIV_0793
AALIGNS003102	INDIV_0793
AALIGNS009357	INDIV_0794
AALIGNS009362	INDIV_0795
AALIGNS002285	INDIV_0796
AALIGNS009249	INDIV_0797
AALIGNS009247	INDIV_0797
AALIGNS009245	INDIV_0797
AALIGNS001625	INDIV_0798
AALIGNS001622	INDIV_0798
AALIGNS001619	INDIV_0798
AALIGNS001626	INDIV_0799
AALIGNS001623	INDIV_0799
AALIGNS001620	INDIV_0799
AALIGNS002775	INDIV_0800
AALIGNS002774	INDIV_0800
AALIGNS002776	INDIV_0800
AALIGNS002620	INDIV_0801
AALIGNS002085	INDIV_0801
AALIGNS002084	INDIV_0801
AALIGNS002710	INDIV_0802
AALIGNS002709	INDIV_0802
AALIGNS002711	INDIV_0802
AALIGNS001621	INDIV_0803
AALIGNS001624	INDIV_0803
AALIGNS001627	INDIV_0803
AALIGNS002765	INDIV_0804
AALIGNS002764	INDIV_0804
AALIGNS002763	INDIV_0804
AALIGNS002750	INDIV_0805
AALIGNS002751	INDIV_0805
AALIGNS002752	INDIV_0805
AALIGNS003524	INDIV_0806
AALIGNS003523	INDIV_0806
AALIGNS003525	INDIV_0806
AALIGNS002109	INDIV_0807
AALIGNS002110	INDIV_0807
AALIGNS002108	INDIV_0807
AALIGNS002755	INDIV_0808
AALIGNS002753	INDIV_0808
AALIGNS002754	INDIV_0808
AALIGNS002049	INDIV_0809
AALIGNS002048	INDIV_0809
AALIGNS002047	INDIV_0809
AALIGNS002760	INDIV_0810
AALIGNS002759	INDIV_0810
AALIGNS002758	INDIV_0810
AALIGNS007130	INDIV_0811
AALIGNS007131	INDIV_0811
AALIGNS007132	INDIV_0811
AALIGNS003229	INDIV_0812
AALIGNS003226	INDIV_0812
AALIGNS003223	INDIV_0812
AALIGNS002111	INDIV_0813
AALIGNS002112	INDIV_0813
AALIGNS002113	INDIV_0813
AALIGNS003738	INDIV_0814
AALIGNS003732	INDIV_0814
AALIGNS003725	INDIV_0814
AALIGNS003491	INDIV_0815
AALIGNS003492	INDIV_0815
AALIGNS003490	INDIV_0815
AALIGNS000896	INDIV_0816
AALIGNS000897	INDIV_0816
AALIGNS000898	INDIV_0816
AALIGNS002769	INDIV_0817
AALIGNS002766	INDIV_0817
AALIGNS002767	INDIV_0817
AALIGNS009549	INDIV_0818
AALIGNS009550	INDIV_0818
AALIGNS009551	INDIV_0818
AALIGNS002920	INDIV_0819
AALIGNS002922	INDIV_0819
AALIGNS002921	INDIV_0819
AALIGNS003344	INDIV_0820
AALIGNS003345	INDIV_0820
AALIGNS003343	INDIV_0820
AALIGNS002572	INDIV_0821
AALIGNS002569	INDIV_0821
AALIGNS002570	INDIV_0821
AALIGNS007749	INDIV_0822
AALIGNS007748	INDIV_0822
AALIGNS007747	INDIV_0822
AALIGNS002782	INDIV_0823
AALIGNS002784	INDIV_0823
AALIGNS002779	INDIV_0823
AALIGNS000823	INDIV_0824
AALIGNS000842	INDIV_0824
AALIGNS000840	INDIV_0824
AALIGNS009598	INDIV_0825
AALIGNS009597	INDIV_0825
AALIGNS001678	INDIV_0825
AALIGNS009477	INDIV_0826
AALIGNS009476	INDIV_0826
AALIGNS000738	INDIV_0826
AALIGNS002058	INDIV_0827
AALIGNS002057	INDIV_0827
AALIGNS002056	INDIV_0827
AALIGNS009113	INDIV_0828
AALIGNS009115	INDIV_0828
AALIGNS009114	INDIV_0828
AALIGNS003228	INDIV_0829
AALIGNS003225	INDIV_0829
AALIGNS003222	INDIV_0829
AALIGNS001787	INDIV_0830
AALIGNS001782	INDIV_0830
AALIGNS001785	INDIV_0830
AALIGNS001199	INDIV_0831
AALIGNS001225	INDIV_0831
AALIGNS001182	INDIV_0831
AALIGNS000900	INDIV_0832
AALIGNS000901	INDIV_0832
AALIGNS000899	INDIV_0832
AALIGNS003324	INDIV_0833
AALIGNS003316	INDIV_0833
AALIGNS003315	INDIV_0833
AALIGNS000827	INDIV_0834
AALIGNS000835	INDIV_0834
AALIGNS000824	INDIV_0834
AALIGNS002116	INDIV_0835
AALIGNS002115	INDIV_0835
AALIGNS002114	INDIV_0835
AALIGNS003224	INDIV_0836
AALIGNS003227	INDIV_0837
AALIGNS003221	INDIV_0838
AALIGNS003172	INDIV_0839
AALIGNS003171	INDIV_0839
AALIGNS003173	INDIV_0839
AALIGNS009195	INDIV_0840
AALIGNS009196	INDIV_0841
AALIGNS007829	INDIV_0842
AALIGNS007831	INDIV_0843
AALIGNS007830	INDIV_0844
AALIGNS002911	INDIV_0845
AALIGNS002913	INDIV_0845
AALIGNS002912	INDIV_0845
AALIGNS007873	INDIV_0846
AALIGNS007874	INDIV_0847
AALIGNS002254	INDIV_0848
AALIGNS001799	INDIV_0849
AALIGNS001800	INDIV_0850
AALIGNS001801	INDIV_0851
AALIGNS009178	INDIV_0852
AALIGNS009180	INDIV_0853
AALIGNS009176	INDIV_0854
AALIGNS000829	INDIV_0855
AALIGNS000819	INDIV_0855
AALIGNS000845	INDIV_0855
AALIGNS001412	INDIV_0856
AALIGNS001424	INDIV_0856
AALIGNS009369	INDIV_0857
AALIGNS009370	INDIV_0857
AALIGNS009368	INDIV_0857
AALIGNS002795	INDIV_0858
AALIGNS002796	INDIV_0859
AALIGNS002797	INDIV_0860
AALIGNS009116	INDIV_0861
AALIGNS009117	INDIV_0862
AALIGNS009118	INDIV_0863
AALIGNS009282	INDIV_0864
AALIGNS009283	INDIV_0865
AALIGNS009284	INDIV_0866
AALIGNS003084	INDIV_0867
AALIGNS003630	INDIV_0867
AALIGNS001019	INDIV_0868
AALIGNS001021	INDIV_0868
AALIGNS000566	INDIV_0869
AALIGNS002501	INDIV_0869
AALIGNS010435	INDIV_0870
AALIGNS010439	INDIV_0870
AALIGNS010438	INDIV_0871
AALIGNS010434	INDIV_0871
AALIGNS009246	INDIV_0872
AALIGNS009248	INDIV_0872
AALIGNS009112	INDIV_0873
AALIGNS009111	INDIV_0873
AALIGNS000647	INDIV_0874
AALIGNS000646	INDIV_0874
AALIGNS007692	INDIV_0875
AALIGNS007689	INDIV_0875
AALIGNS000660	INDIV_0876
AALIGNS000661	INDIV_0876
AALIGNS007693	INDIV_0877
AALIGNS007690	INDIV_0877
AALIGNS000636	INDIV_0878
AALIGNS000637	INDIV_0878
AALIGNS000644	INDIV_0879
AALIGNS000645	INDIV_0879
AALIGNS009109	INDIV_0880
AALIGNS009110	INDIV_0880
AALIGNS000642	INDIV_0881
AALIGNS000643	INDIV_0881
AALIGNS000641	INDIV_0882
AALIGNS000640	INDIV_0882
AALIGNS000648	INDIV_0883
AALIGNS000649	INDIV_0883
AALIGNS000634	INDIV_0884
AALIGNS000635	INDIV_0884
AALIGNS001732	INDIV_0885
AALIGNS001733	INDIV_0885
AALIGNS007726	INDIV_0886
AALIGNS007729	INDIV_0886
AALIGNS003241	INDIV_0887
AALIGNS003243	INDIV_0887
AALIGNS002756	INDIV_0888
AALIGNS002757	INDIV_0888
AALIGNS001714	INDIV_0889
AALIGNS001715	INDIV_0889
AALIGNS007694	INDIV_0890
AALIGNS007691	INDIV_0890
AALIGNS008849	INDIV_0891
AALIGNS008847	INDIV_0891
AALIGNS001816	INDIV_0892
AALIGNS001813	INDIV_0892
AALIGNS000629	INDIV_0893
AALIGNS000628	INDIV_0893
AALIGNS002745	INDIV_0894
AALIGNS002744	INDIV_0894
AALIGNS000652	INDIV_0895
AALIGNS000653	INDIV_0895
AALIGNS003240	INDIV_0896
AALIGNS003242	INDIV_0896
AALIGNS000654	INDIV_0897
AALIGNS000655	INDIV_0897
AALIGNS002747	INDIV_0898
AALIGNS002746	INDIV_0898
AALIGNS000650	INDIV_0899
AALIGNS000651	INDIV_0899
AALIGNS000630	INDIV_0900
AALIGNS000631	INDIV_0900
AALIGNS001060	INDIV_0901
AALIGNS001059	INDIV_0901
AALIGNS003682	INDIV_0902
AALIGNS003683	INDIV_0902
AALIGNS000992	INDIV_0903
AALIGNS000993	INDIV_0903
AALIGNS003336	INDIV_0904
AALIGNS003335	INDIV_0904
AALIGNS001717	INDIV_0905
AALIGNS001716	INDIV_0905
AALIGNS007836	INDIV_0906
AALIGNS007837	INDIV_0906
AALIGNS002762	INDIV_0907
AALIGNS002761	INDIV_0907
AALIGNS000656	INDIV_0908
AALIGNS000657	INDIV_0908
AALIGNS000659	INDIV_0909
AALIGNS000658	INDIV_0909
AALIGNS001811	INDIV_0910
AALIGNS001806	INDIV_0910
AALIGNS003115	INDIV_0911
AALIGNS003114	INDIV_0911
AALIGNS000597	INDIV_0912
AALIGNS000594	INDIV_0912
AALIGNS001566	INDIV_0913
AALIGNS001562	INDIV_0913
AALIGNS002749	INDIV_0914
AALIGNS002748	INDIV_0914
AALIGNS003337	INDIV_0915
AALIGNS003338	INDIV_0915
AALIGNS009480	INDIV_0916
AALIGNS009481	INDIV_0916
AALIGNS007794	INDIV_0917
AALIGNS007795	INDIV_0917
AALIGNS001058	INDIV_0918
AALIGNS001057	INDIV_0918
AALIGNS003112	INDIV_0919
AALIGNS003113	INDIV_0919
AALIGNS000632	INDIV_0920
AALIGNS000633	INDIV_0920
AALIGNS001726	INDIV_0921
AALIGNS001727	INDIV_0921
AALIGNS007647	INDIV_0922
AALIGNS007648	INDIV_0922
AALIGNS008839	INDIV_0923
AALIGNS008836	INDIV_0923
AALIGNS003580	INDIV_0924
AALIGNS003579	INDIV_0924
AALIGNS003693	INDIV_0925
AALIGNS003718	INDIV_0925
AALIGNS001731	INDIV_0926
AALIGNS001730	INDIV_0926
AALIGNS001818	INDIV_0927
AALIGNS001815	INDIV_0927
AALIGNS001728	INDIV_0928
AALIGNS001729	INDIV_0928
AALIGNS008846	INDIV_0929
AALIGNS008848	INDIV_0929
AALIGNS001712	INDIV_0930
AALIGNS001713	INDIV_0930
AALIGNS001565	INDIV_0931
AALIGNS001563	INDIV_0931
AALIGNS001723	INDIV_0932
AALIGNS001722	INDIV_0932
AALIGNS000808	INDIV_0933
AALIGNS000809	INDIV_0933
AALIGNS009552	INDIV_0934
AALIGNS009553	INDIV_0934
AALIGNS003026	INDIV_0935
AALIGNS003027	INDIV_0935
AALIGNS001368	INDIV_0936
AALIGNS001362	INDIV_0936
AALIGNS007722	INDIV_0937
AALIGNS001011	INDIV_0937
AALIGNS001710	INDIV_0938
AALIGNS001711	INDIV_0938
AALIGNS002919	INDIV_0939
AALIGNS002923	INDIV_0939
AALIGNS001720	INDIV_0940
AALIGNS001721	INDIV_0940
AALIGNS001709	INDIV_0941
AALIGNS001708	INDIV_0941
AALIGNS001087	INDIV_0942
AALIGNS001088	INDIV_0942
AALIGNS002500	INDIV_0943
AALIGNS002502	INDIV_0943
AALIGNS009487	INDIV_0944
AALIGNS009486	INDIV_0944
AALIGNS001568	INDIV_0945
AALIGNS001567	INDIV_0945
AALIGNS001724	INDIV_0946
AALIGNS001725	INDIV_0946
AALIGNS007567	INDIV_0947
AALIGNS007568	INDIV_0947
AALIGNS009177	INDIV_0948
AALIGNS009179	INDIV_0948
AALIGNS000980	INDIV_0949
AALIGNS000981	INDIV_0949
AALIGNS003317	INDIV_0950
AALIGNS003319	INDIV_0950
AALIGNS007574	INDIV_0951
AALIGNS007575	INDIV_0951
AALIGNS000828	INDIV_0952
AALIGNS000844	INDIV_0952
AALIGNS000598	INDIV_0953
AALIGNS000595	INDIV_0953
AALIGNS003313	INDIV_0954
AALIGNS003308	INDIV_0954
AALIGNS007824	INDIV_0955
AALIGNS007825	INDIV_0955
AALIGNS001590	INDIV_0956
AALIGNS001589	INDIV_0956
AALIGNS000848	INDIV_0957
AALIGNS000832	INDIV_0957
AALIGNS001365	INDIV_0958
AALIGNS001371	INDIV_0958
AALIGNS000872	INDIV_0959
AALIGNS000870	INDIV_0959
AALIGNS008840	INDIV_0960
AALIGNS008837	INDIV_0960
AALIGNS001584	INDIV_0961
AALIGNS001583	INDIV_0961
AALIGNS007806	INDIV_0962
AALIGNS007807	INDIV_0962
AALIGNS008841	INDIV_0963
AALIGNS008838	INDIV_0963
AALIGNS000825	INDIV_0964
AALIGNS000837	INDIV_0964
AALIGNS001812	INDIV_0965
AALIGNS001807	INDIV_0965
AALIGNS003307	INDIV_0966
AALIGNS003305	INDIV_0966
AALIGNS001363	INDIV_0967
AALIGNS001369	INDIV_0967
AALIGNS003311	INDIV_0968
AALIGNS003309	INDIV_0968
AALIGNS000847	INDIV_0969
AALIGNS000831	INDIV_0969
AALIGNS000821	INDIV_0970
AALIGNS000838	INDIV_0970
AALIGNS002264	INDIV_0971
AALIGNS002274	INDIV_0971
AALIGNS000846	INDIV_0972
AALIGNS000830	INDIV_0972
AALIGNS001061	INDIV_0973
AALIGNS001062	INDIV_0973
AALIGNS003528	INDIV_0974
AALIGNS003552	INDIV_0974
AALIGNS007827	INDIV_0975
AALIGNS007828	INDIV_0975
AALIGNS001189	INDIV_0976
AALIGNS001244	INDIV_0976
AALIGNS001588	INDIV_0977
AALIGNS001587	INDIV_0977
AALIGNS000596	INDIV_0978
AALIGNS000599	INDIV_0978
AALIGNS002297	INDIV_0979
AALIGNS001206	INDIV_0979
AALIGNS002269	INDIV_0980
AALIGNS002268	INDIV_0980
AALIGNS002597	INDIV_0981
AALIGNS002598	INDIV_0981
AALIGNS001201	INDIV_0982
AALIGNS001183	INDIV_0982
AALIGNS007771	INDIV_0983
AALIGNS007769	INDIV_0983
AALIGNS007561	INDIV_0984
AALIGNS007551	INDIV_0984
AALIGNS001364	INDIV_0985
AALIGNS001370	INDIV_0985
AALIGNS009259	INDIV_0986
AALIGNS009260	INDIV_0986
AALIGNS007751	INDIV_0987
AALIGNS007750	INDIV_0987
AALIGNS007583	INDIV_0988
AALIGNS007582	INDIV_0988
AALIGNS001198	INDIV_0989
AALIGNS001224	INDIV_0989
AALIGNS002302	INDIV_0990
AALIGNS001245	INDIV_0990
AALIGNS009203	INDIV_0991
AALIGNS009204	INDIV_0991
AALIGNS007744	INDIV_0992
AALIGNS007743	INDIV_0992
AALIGNS007834	INDIV_0993
AALIGNS007835	INDIV_0993
AALIGNS003563	INDIV_0994
AALIGNS003564	INDIV_0994
AALIGNS001249	INDIV_0995
AALIGNS001210	INDIV_0995
AALIGNS003658	INDIV_0996
AALIGNS003655	INDIV_0996
AALIGNS001235	INDIV_0997
AALIGNS001203	INDIV_0997
AALIGNS001229	INDIV_0998
AALIGNS001202	INDIV_0998
AALIGNS000625	INDIV_0999
AALIGNS000624	INDIV_0999
AALIGNS001180	INDIV_1000
AALIGNS001219	INDIV_1000
AALIGNS002179	INDIV_1001
AALIGNS002180	INDIV_1001
AALIGNS001098	INDIV_1002
AALIGNS001097	INDIV_1002
AALIGNS000536	INDIV_1003
AALIGNS000535	INDIV_1003
AALIGNS003036	INDIV_1004
AALIGNS003028	INDIV_1004
AALIGNS002397	INDIV_1005
AALIGNS002401	INDIV_1005
AALIGNS007721	INDIV_1006
AALIGNS007720	INDIV_1006
AALIGNS007672	INDIV_1007
AALIGNS003502	INDIV_1007
AALIGNS003668	INDIV_1008
AALIGNS003670	INDIV_1008
AALIGNS001702	INDIV_1009
AALIGNS001703	INDIV_1009
AALIGNS007116	INDIV_1010
AALIGNS007117	INDIV_1010
AALIGNS007921	INDIV_1011
AALIGNS007922	INDIV_1011
AALIGNS002468	INDIV_1012
AALIGNS002467	INDIV_1012
AALIGNS007592	INDIV_1013
AALIGNS007593	INDIV_1013
AALIGNS002202	INDIV_1014
AALIGNS002217	INDIV_1014
AALIGNS003352	INDIV_1015
AALIGNS003583	INDIV_1016
AALIGNS007711	INDIV_1017
AALIGNS009232	INDIV_1018
AALIGNS010441	INDIV_1019
AALIGNS003363	INDIV_1020
AALIGNS003568	INDIV_1021
AALIGNS007710	INDIV_1022
AALIGNS009231	INDIV_1023
AALIGNS010440	INDIV_1024
AALIGNS003293	INDIV_1025
AALIGNS007709	INDIV_1026
AALIGNS009230	INDIV_1027
AALIGNS010437	INDIV_1028
AALIGNS003270	INDIV_1029
AALIGNS007708	INDIV_1030
AALIGNS009228	INDIV_1031
AALIGNS010436	INDIV_1032
AALIGNS002930	INDIV_1033
AALIGNS009614	INDIV_1034
AALIGNS002929	INDIV_1035
AALIGNS009613	INDIV_1036
AALIGNS003266	INDIV_1037
AALIGNS007707	INDIV_1038
AALIGNS009212	INDIV_1039
AALIGNS009611	INDIV_1040
AALIGNS003267	INDIV_1041
AALIGNS007706	INDIV_1042
AALIGNS009209	INDIV_1043
AALIGNS009608	INDIV_1044
AALIGNS003265	INDIV_1045
AALIGNS007704	INDIV_1046
AALIGNS009205	INDIV_1047
AALIGNS009607	INDIV_1048
AALIGNS003264	INDIV_1049
AALIGNS007701	INDIV_1050
AALIGNS009201	INDIV_1051
AALIGNS009606	INDIV_1052
AALIGNS003361	INDIV_1053
AALIGNS003558	INDIV_1054
AALIGNS007698	INDIV_1055
AALIGNS009200	INDIV_1056
AALIGNS009605	INDIV_1057
AALIGNS002932	INDIV_1058
AALIGNS009604	INDIV_1059
AALIGNS002931	INDIV_1060
AALIGNS009603	INDIV_1061
AALIGNS002940	INDIV_1062
AALIGNS009564	INDIV_1063
AALIGNS002939	INDIV_1064
AALIGNS009563	INDIV_1065
AALIGNS002938	INDIV_1066
AALIGNS009560	INDIV_1067
AALIGNS002937	INDIV_1068
AALIGNS009558	INDIV_1069
AALIGNS002936	INDIV_1070
AALIGNS009557	INDIV_1071
AALIGNS002935	INDIV_1072
AALIGNS009556	INDIV_1073
AALIGNS002934	INDIV_1074
AALIGNS009555	INDIV_1075
AALIGNS002933	INDIV_1076
AALIGNS009554	INDIV_1077
AALIGNS003271	INDIV_1078
AALIGNS007695	INDIV_1079
AALIGNS009199	INDIV_1080
AALIGNS009548	INDIV_1081
AALIGNS003369	INDIV_1082
AALIGNS003536	INDIV_1083
AALIGNS007670	INDIV_1084
AALIGNS009198	INDIV_1085
AALIGNS009547	INDIV_1086
AALIGNS003289	INDIV_1087
AALIGNS007669	INDIV_1088
AALIGNS009192	INDIV_1089
AALIGNS009546	INDIV_1090
AALIGNS003294	INDIV_1091
AALIGNS007668	INDIV_1092
AALIGNS009191	INDIV_1093
AALIGNS009537	INDIV_1094
AALIGNS003098	INDIV_1095
AALIGNS009188	INDIV_1096
AALIGNS009536	INDIV_1097
AALIGNS003277	INDIV_1098
AALIGNS007667	INDIV_1099
AALIGNS009175	INDIV_1100
AALIGNS009535	INDIV_1101
AALIGNS003292	INDIV_1102
AALIGNS007602	INDIV_1103
AALIGNS009173	INDIV_1104
AALIGNS009534	INDIV_1105
AALIGNS003285	INDIV_1106
AALIGNS007601	INDIV_1107
AALIGNS009171	INDIV_1108
AALIGNS009533	INDIV_1109
AALIGNS003288	INDIV_1110
AALIGNS007600	INDIV_1111
AALIGNS009169	INDIV_1112
AALIGNS009532	INDIV_1113
AALIGNS003287	INDIV_1114
AALIGNS007595	INDIV_1115
AALIGNS009167	INDIV_1116
AALIGNS009531	INDIV_1117
AALIGNS003118	INDIV_1118
AALIGNS009166	INDIV_1119
AALIGNS009530	INDIV_1120
AALIGNS003100	INDIV_1121
AALIGNS009164	INDIV_1122
AALIGNS009529	INDIV_1123
AALIGNS003286	INDIV_1124
AALIGNS007594	INDIV_1125
AALIGNS009163	INDIV_1126
AALIGNS009528	INDIV_1127
AALIGNS003119	INDIV_1128
AALIGNS009161	INDIV_1129
AALIGNS009527	INDIV_1130
AALIGNS003108	INDIV_1131
AALIGNS009160	INDIV_1132
AALIGNS009526	INDIV_1133
AALIGNS003105	INDIV_1134
AALIGNS009159	INDIV_1135
AALIGNS009525	INDIV_1136
AALIGNS003104	INDIV_1137
AALIGNS009158	INDIV_1138
AALIGNS009524	INDIV_1139
AALIGNS003109	INDIV_1140
AALIGNS009157	INDIV_1141
AALIGNS009523	INDIV_1142
AALIGNS003116	INDIV_1143
AALIGNS009126	INDIV_1144
AALIGNS009522	INDIV_1145
AALIGNS003117	INDIV_1146
AALIGNS009125	INDIV_1147
AALIGNS009521	INDIV_1148
AALIGNS003358	INDIV_1149
AALIGNS003581	INDIV_1150
AALIGNS007589	INDIV_1151
AALIGNS008914	INDIV_1152
AALIGNS009520	INDIV_1153
AALIGNS003362	INDIV_1154
AALIGNS003559	INDIV_1155
AALIGNS007587	INDIV_1156
AALIGNS008913	INDIV_1157
AALIGNS009519	INDIV_1158
AALIGNS002942	INDIV_1159
AALIGNS009518	INDIV_1160
AALIGNS002941	INDIV_1161
AALIGNS009517	INDIV_1162
AALIGNS003360	INDIV_1163
AALIGNS003557	INDIV_1164
AALIGNS007585	INDIV_1165
AALIGNS008912	INDIV_1166
AALIGNS009516	INDIV_1167
AALIGNS003371	INDIV_1168
AALIGNS003534	INDIV_1169
AALIGNS007584	INDIV_1170
AALIGNS008911	INDIV_1171
AALIGNS009515	INDIV_1172
AALIGNS003295	INDIV_1173
AALIGNS007579	INDIV_1174
AALIGNS008910	INDIV_1175
AALIGNS009514	INDIV_1176
AALIGNS003372	INDIV_1177
AALIGNS003541	INDIV_1178
AALIGNS007581	INDIV_1179
AALIGNS008909	INDIV_1180
AALIGNS009513	INDIV_1181
AALIGNS003120	INDIV_1182
AALIGNS008908	INDIV_1183
AALIGNS009512	INDIV_1184
AALIGNS003379	INDIV_1185
AALIGNS003508	INDIV_1186
AALIGNS007580	INDIV_1187
AALIGNS008907	INDIV_1188
AALIGNS009511	INDIV_1189
AALIGNS003377	INDIV_1190
AALIGNS003506	INDIV_1191
AALIGNS007578	INDIV_1192
AALIGNS008894	INDIV_1193
AALIGNS009510	INDIV_1194
AALIGNS003368	INDIV_1195
AALIGNS003535	INDIV_1196
AALIGNS007577	INDIV_1197
AALIGNS008893	INDIV_1198
AALIGNS009509	INDIV_1199
AALIGNS003296	INDIV_1200
AALIGNS007576	INDIV_1201
AALIGNS008875	INDIV_1202
AALIGNS009508	INDIV_1203
AALIGNS003301	INDIV_1204
AALIGNS007573	INDIV_1205
AALIGNS008874	INDIV_1206
AALIGNS009507	INDIV_1207
AALIGNS003302	INDIV_1208
AALIGNS007572	INDIV_1209
AALIGNS008873	INDIV_1210
AALIGNS009506	INDIV_1211
AALIGNS003299	INDIV_1212
AALIGNS007571	INDIV_1213
AALIGNS008872	INDIV_1214
AALIGNS009505	INDIV_1215
AALIGNS003300	INDIV_1216
AALIGNS007570	INDIV_1217
AALIGNS008871	INDIV_1218
AALIGNS009504	INDIV_1219
AALIGNS003297	INDIV_1220
AALIGNS007569	INDIV_1221
AALIGNS008870	INDIV_1222
AALIGNS009503	INDIV_1223
AALIGNS003298	INDIV_1224
AALIGNS007566	INDIV_1225
AALIGNS008850	INDIV_1226
AALIGNS009502	INDIV_1227
AALIGNS003015	INDIV_1228
AALIGNS009501	INDIV_1229
AALIGNS003014	INDIV_1230
AALIGNS009500	INDIV_1231
AALIGNS003013	INDIV_1232
AALIGNS009499	INDIV_1233
AALIGNS003012	INDIV_1234
AALIGNS009498	INDIV_1235
AALIGNS003011	INDIV_1236
AALIGNS009489	INDIV_1237
AALIGNS003010	INDIV_1238
AALIGNS009488	INDIV_1239
AALIGNS003370	INDIV_1240
AALIGNS003533	INDIV_1241
AALIGNS007552	INDIV_1242
AALIGNS008829	INDIV_1243
AALIGNS009485	INDIV_1244
AALIGNS003380	INDIV_1245
AALIGNS003507	INDIV_1246
AALIGNS007550	INDIV_1247
AALIGNS008828	INDIV_1248
AALIGNS009484	INDIV_1249
AALIGNS003378	INDIV_1250
AALIGNS003503	INDIV_1251
AALIGNS007548	INDIV_1252
AALIGNS008827	INDIV_1253
AALIGNS009483	INDIV_1254
AALIGNS003385	INDIV_1255
AALIGNS003467	INDIV_1256
AALIGNS007549	INDIV_1257
AALIGNS008826	INDIV_1258
AALIGNS009482	INDIV_1259
AALIGNS003303	INDIV_1260
AALIGNS007544	INDIV_1261
AALIGNS008825	INDIV_1262
AALIGNS009479	INDIV_1263
AALIGNS003387	INDIV_1264
AALIGNS003465	INDIV_1265
AALIGNS007547	INDIV_1266
AALIGNS008824	INDIV_1267
AALIGNS009475	INDIV_1268
AALIGNS003384	INDIV_1269
AALIGNS003466	INDIV_1270
AALIGNS007542	INDIV_1271
AALIGNS007951	INDIV_1272
AALIGNS009474	INDIV_1273
AALIGNS003396	INDIV_1274
AALIGNS003446	INDIV_1275
AALIGNS003468	INDIV_1276
AALIGNS007546	INDIV_1277
AALIGNS007950	INDIV_1278
AALIGNS009473	INDIV_1279
AALIGNS003386	INDIV_1280
AALIGNS003464	INDIV_1281
AALIGNS007539	INDIV_1282
AALIGNS007949	INDIV_1283
AALIGNS009472	INDIV_1284
AALIGNS003158	INDIV_1285
AALIGNS007939	INDIV_1286
AALIGNS009471	INDIV_1287
AALIGNS003159	INDIV_1288
AALIGNS007938	INDIV_1289
AALIGNS009470	INDIV_1290
AALIGNS003017	INDIV_1291
AALIGNS009469	INDIV_1292
AALIGNS003016	INDIV_1293
AALIGNS009468	INDIV_1294
AALIGNS003156	INDIV_1295
AALIGNS007937	INDIV_1296
AALIGNS009467	INDIV_1297
AALIGNS003157	INDIV_1298
AALIGNS007936	INDIV_1299
AALIGNS009466	INDIV_1300
AALIGNS003154	INDIV_1301
AALIGNS007935	INDIV_1302
AALIGNS009465	INDIV_1303
AALIGNS003153	INDIV_1304
AALIGNS007934	INDIV_1305
AALIGNS009464	INDIV_1306
AALIGNS003152	INDIV_1307
AALIGNS007920	INDIV_1308
AALIGNS009463	INDIV_1309
AALIGNS003155	INDIV_1310
AALIGNS007919	INDIV_1311
AALIGNS009462	INDIV_1312
AALIGNS003304	INDIV_1313
AALIGNS007545	INDIV_1314
AALIGNS007894	INDIV_1315
AALIGNS009461	INDIV_1316
AALIGNS003392	INDIV_1317
AALIGNS003444	INDIV_1318
AALIGNS003462	INDIV_1319
AALIGNS007137	INDIV_1320
AALIGNS007893	INDIV_1321
AALIGNS009460	INDIV_1322
AALIGNS003306	INDIV_1323
AALIGNS007543	INDIV_1324
AALIGNS007892	INDIV_1325
AALIGNS009459	INDIV_1326
AALIGNS003405	INDIV_1327
AALIGNS003410	INDIV_1328
AALIGNS003415	INDIV_1329
AALIGNS003420	INDIV_1330
AALIGNS003424	INDIV_1331
AALIGNS003428	INDIV_1332
AALIGNS003435	INDIV_1333
AALIGNS003441	INDIV_1334
AALIGNS003447	INDIV_1335
AALIGNS003453	INDIV_1336
AALIGNS003463	INDIV_1337
AALIGNS007540	INDIV_1338
AALIGNS007890	INDIV_1339
AALIGNS009458	INDIV_1340
AALIGNS003394	INDIV_1341
AALIGNS003442	INDIV_1342
AALIGNS003460	INDIV_1343
AALIGNS007135	INDIV_1344
AALIGNS007889	INDIV_1345
AALIGNS009457	INDIV_1346
AALIGNS003399	INDIV_1347
AALIGNS003433	INDIV_1348
AALIGNS003439	INDIV_1349
AALIGNS003445	INDIV_1350
AALIGNS003451	INDIV_1351
AALIGNS003461	INDIV_1352
AALIGNS007138	INDIV_1353
AALIGNS007888	INDIV_1354
AALIGNS009456	INDIV_1355
AALIGNS003318	INDIV_1356
AALIGNS007133	INDIV_1357
AALIGNS007887	INDIV_1358
AALIGNS009455	INDIV_1359
AALIGNS003312	INDIV_1360
AALIGNS007129	INDIV_1361
AALIGNS007885	INDIV_1362
AALIGNS009454	INDIV_1363
AALIGNS003407	INDIV_1364
AALIGNS003413	INDIV_1365
AALIGNS003417	INDIV_1366
AALIGNS003422	INDIV_1367
AALIGNS003426	INDIV_1368
AALIGNS003430	INDIV_1369
AALIGNS003437	INDIV_1370
AALIGNS003443	INDIV_1371
AALIGNS003449	INDIV_1372
AALIGNS003459	INDIV_1373
AALIGNS007136	INDIV_1374
AALIGNS007884	INDIV_1375
AALIGNS009453	INDIV_1376
AALIGNS003029	INDIV_1377
AALIGNS009451	INDIV_1378
AALIGNS003314	INDIV_1379
AALIGNS007127	INDIV_1380
AALIGNS007883	INDIV_1381
AALIGNS009429	INDIV_1382
AALIGNS003391	INDIV_1383
AALIGNS003457	INDIV_1384
AALIGNS007134	INDIV_1385
AALIGNS007882	INDIV_1386
AALIGNS009428	INDIV_1387
AALIGNS003320	INDIV_1388
AALIGNS003715	INDIV_1389
AALIGNS007881	INDIV_1390
AALIGNS009427	INDIV_1391
AALIGNS003389	INDIV_1392
AALIGNS003455	INDIV_1393
AALIGNS007128	INDIV_1394
AALIGNS007880	INDIV_1395
AALIGNS009426	INDIV_1396
AALIGNS003031	INDIV_1397
AALIGNS009425	INDIV_1398
AALIGNS003030	INDIV_1399
AALIGNS009424	INDIV_1400
AALIGNS003039	INDIV_1401
AALIGNS009419	INDIV_1402
AALIGNS003038	INDIV_1403
AALIGNS009418	INDIV_1404
AALIGNS003037	INDIV_1405
AALIGNS009417	INDIV_1406
AALIGNS003035	INDIV_1407
AALIGNS009416	INDIV_1408
AALIGNS003034	INDIV_1409
AALIGNS009410	INDIV_1410
AALIGNS003032	INDIV_1411
AALIGNS009408	INDIV_1412
AALIGNS003033	INDIV_1413
AALIGNS009405	INDIV_1414
AALIGNS003398	INDIV_1415
AALIGNS003431	INDIV_1416
AALIGNS003440	INDIV_1417
AALIGNS003458	INDIV_1418
AALIGNS003712	INDIV_1419
AALIGNS007879	INDIV_1420
AALIGNS009395	INDIV_1421
AALIGNS003160	INDIV_1422
AALIGNS007877	INDIV_1423
AALIGNS009394	INDIV_1424
AALIGNS003165	INDIV_1425
AALIGNS007876	INDIV_1426
AALIGNS009392	INDIV_1427
AALIGNS003164	INDIV_1428
AALIGNS007875	INDIV_1429
AALIGNS009391	INDIV_1430
AALIGNS003163	INDIV_1431
AALIGNS007872	INDIV_1432
AALIGNS009387	INDIV_1433
AALIGNS003162	INDIV_1434
AALIGNS007871	INDIV_1435
AALIGNS009386	INDIV_1436
AALIGNS003161	INDIV_1437
AALIGNS007870	INDIV_1438
AALIGNS009377	INDIV_1439
AALIGNS003045	INDIV_1440
AALIGNS009376	INDIV_1441
AALIGNS003044	INDIV_1442
AALIGNS009375	INDIV_1443
AALIGNS003043	INDIV_1444
AALIGNS009374	INDIV_1445
AALIGNS003042	INDIV_1446
AALIGNS009373	INDIV_1447
AALIGNS003041	INDIV_1448
AALIGNS009372	INDIV_1449
AALIGNS003040	INDIV_1450
AALIGNS009371	INDIV_1451
AALIGNS003390	INDIV_1452
AALIGNS003456	INDIV_1453
AALIGNS003710	INDIV_1454
AALIGNS007859	INDIV_1455
AALIGNS009367	INDIV_1456
AALIGNS003170	INDIV_1457
AALIGNS007851	INDIV_1458
AALIGNS009366	INDIV_1459
AALIGNS003383	INDIV_1460
AALIGNS007126	INDIV_1461
AALIGNS007850	INDIV_1462
AALIGNS009365	INDIV_1463
AALIGNS003388	INDIV_1464
AALIGNS003454	INDIV_1465
AALIGNS003708	INDIV_1466
AALIGNS007838	INDIV_1467
AALIGNS009364	INDIV_1468
AALIGNS003325	INDIV_1469
AALIGNS003713	INDIV_1470
AALIGNS007833	INDIV_1471
AALIGNS009360	INDIV_1472
AALIGNS003400	INDIV_1473
AALIGNS003411	INDIV_1474
AALIGNS003421	INDIV_1475
AALIGNS003429	INDIV_1476
AALIGNS003438	INDIV_1477
AALIGNS003452	INDIV_1478
AALIGNS003700	INDIV_1479
AALIGNS007832	INDIV_1480
AALIGNS009358	INDIV_1481
AALIGNS003404	INDIV_1482
AALIGNS003409	INDIV_1483
AALIGNS003416	INDIV_1484
AALIGNS003423	INDIV_1485
AALIGNS003427	INDIV_1486
AALIGNS003436	INDIV_1487
AALIGNS003450	INDIV_1488
AALIGNS003696	INDIV_1489
AALIGNS007826	INDIV_1490
AALIGNS009340	INDIV_1491
AALIGNS003230	INDIV_1492
AALIGNS007821	INDIV_1493
AALIGNS009339	INDIV_1494
AALIGNS003406	INDIV_1495
AALIGNS003414	INDIV_1496
AALIGNS003419	INDIV_1497
AALIGNS003425	INDIV_1498
AALIGNS003434	INDIV_1499
AALIGNS003448	INDIV_1500
AALIGNS003694	INDIV_1501
AALIGNS007820	INDIV_1502
AALIGNS009338	INDIV_1503
AALIGNS003381	INDIV_1504
AALIGNS003711	INDIV_1505
AALIGNS007813	INDIV_1506
AALIGNS009337	INDIV_1507
AALIGNS003382	INDIV_1508
AALIGNS003690	INDIV_1509
AALIGNS007812	INDIV_1510
AALIGNS009324	INDIV_1511
AALIGNS003232	INDIV_1512
AALIGNS007811	INDIV_1513
AALIGNS009323	INDIV_1514
AALIGNS003231	INDIV_1515
AALIGNS007810	INDIV_1516
AALIGNS009322	INDIV_1517
AALIGNS003375	INDIV_1518
AALIGNS003709	INDIV_1519
AALIGNS007809	INDIV_1520
AALIGNS009321	INDIV_1521
AALIGNS003334	INDIV_1522
AALIGNS003688	INDIV_1523
AALIGNS007808	INDIV_1524
AALIGNS009320	INDIV_1525
AALIGNS003373	INDIV_1526
AALIGNS003707	INDIV_1527
AALIGNS007772	INDIV_1528
AALIGNS009319	INDIV_1529
AALIGNS003367	INDIV_1530
AALIGNS003695	INDIV_1531
AALIGNS007770	INDIV_1532
AALIGNS009318	INDIV_1533
AALIGNS003249	INDIV_1534
AALIGNS007768	INDIV_1535
AALIGNS009316	INDIV_1536
AALIGNS003248	INDIV_1537
AALIGNS007767	INDIV_1538
AALIGNS009315	INDIV_1539
AALIGNS003376	INDIV_1540
AALIGNS003673	INDIV_1541
AALIGNS007763	INDIV_1542
AALIGNS009299	INDIV_1543
AALIGNS003333	INDIV_1544
AALIGNS003689	INDIV_1545
AALIGNS007762	INDIV_1546
AALIGNS009298	INDIV_1547
AALIGNS003365	INDIV_1548
AALIGNS003672	INDIV_1549
AALIGNS007746	INDIV_1550
AALIGNS009281	INDIV_1551
AALIGNS003374	INDIV_1552
AALIGNS003671	INDIV_1553
AALIGNS007745	INDIV_1554
AALIGNS009276	INDIV_1555
AALIGNS003357	INDIV_1556
AALIGNS003666	INDIV_1557
AALIGNS007728	INDIV_1558
AALIGNS009272	INDIV_1559
AALIGNS003366	INDIV_1560
AALIGNS003669	INDIV_1561
AALIGNS007727	INDIV_1562
AALIGNS009270	INDIV_1563
AALIGNS003079	INDIV_1564
AALIGNS009263	INDIV_1565
AALIGNS003364	INDIV_1566
AALIGNS003667	INDIV_1567
AALIGNS007724	INDIV_1568
AALIGNS009262	INDIV_1569
AALIGNS003351	INDIV_1570
AALIGNS003664	INDIV_1571
AALIGNS007723	INDIV_1572
AALIGNS009243	INDIV_1573
AALIGNS003347	INDIV_1574
AALIGNS003656	INDIV_1575
AALIGNS007719	INDIV_1576
AALIGNS009241	INDIV_1577
AALIGNS003350	INDIV_1578
AALIGNS003665	INDIV_1579
AALIGNS007718	INDIV_1580
AALIGNS009240	INDIV_1581
AALIGNS003353	INDIV_1582
AALIGNS003584	INDIV_1583
AALIGNS007716	INDIV_1584
AALIGNS009239	INDIV_1585
AALIGNS003348	INDIV_1586
AALIGNS003663	INDIV_1587
AALIGNS007715	INDIV_1588
AALIGNS009238	INDIV_1589
AALIGNS003263	INDIV_1590
AALIGNS007714	INDIV_1591
AALIGNS009236	INDIV_1592
AALIGNS003346	INDIV_1593
AALIGNS003657	INDIV_1594
AALIGNS007713	INDIV_1595
AALIGNS009234	INDIV_1596
AALIGNS003359	INDIV_1597
AALIGNS003582	INDIV_1598
AALIGNS007712	INDIV_1599
AALIGNS009233	INDIV_1600
AALIGNS000235	INDIV_1601
AALIGNS000537	INDIV_1602
AALIGNS000538	INDIV_1603
AALIGNS000539	INDIV_1604
AALIGNS000540	INDIV_1605
AALIGNS000541	INDIV_1606
AALIGNS000547	INDIV_1607
AALIGNS000600	INDIV_1608
AALIGNS000601	INDIV_1609
AALIGNS000602	INDIV_1610
AALIGNS000603	INDIV_1611
AALIGNS000604	INDIV_1612
AALIGNS000605	INDIV_1613
AALIGNS000619	INDIV_1614
AALIGNS000621	INDIV_1615
AALIGNS000622	INDIV_1616
AALIGNS000623	INDIV_1617
AALIGNS000626	INDIV_1618
AALIGNS000627	INDIV_1619
AALIGNS000638	INDIV_1620
AALIGNS000639	INDIV_1621
AALIGNS000680	INDIV_1622
AALIGNS000681	INDIV_1623
AALIGNS000694	INDIV_1624
AALIGNS000695	INDIV_1625
AALIGNS000696	INDIV_1626
AALIGNS000697	INDIV_1627
AALIGNS000698	INDIV_1628
AALIGNS000699	INDIV_1629
AALIGNS000712	INDIV_1630
AALIGNS000737	INDIV_1631
AALIGNS000739	INDIV_1632
AALIGNS000759	INDIV_1633
AALIGNS000762	INDIV_1634
AALIGNS000772	INDIV_1635
AALIGNS000773	INDIV_1636
AALIGNS000774	INDIV_1637
AALIGNS000775	INDIV_1638
AALIGNS000776	INDIV_1639
AALIGNS000777	INDIV_1640
AALIGNS000778	INDIV_1641
AALIGNS000779	INDIV_1642
AALIGNS000780	INDIV_1643
AALIGNS000781	INDIV_1644
AALIGNS000783	INDIV_1645
AALIGNS000786	INDIV_1646
AALIGNS000787	INDIV_1647
AALIGNS000788	INDIV_1648
AALIGNS000789	INDIV_1649
AALIGNS000790	INDIV_1650
AALIGNS000791	INDIV_1651
AALIGNS000792	INDIV_1652
AALIGNS000793	INDIV_1653
AALIGNS000794	INDIV_1654
AALIGNS000795	INDIV_1655
AALIGNS000796	INDIV_1656
AALIGNS000797	INDIV_1657
AALIGNS000810	INDIV_1658
AALIGNS000811	INDIV_1659
AALIGNS000812	INDIV_1660
AALIGNS000813	INDIV_1661
AALIGNS000814	INDIV_1662
AALIGNS000815	INDIV_1663
AALIGNS000816	INDIV_1664
AALIGNS000817	INDIV_1665
AALIGNS000818	INDIV_1666
AALIGNS000822	INDIV_1667
AALIGNS000833	INDIV_1668
AALIGNS000834	INDIV_1669
AALIGNS000839	INDIV_1670
AALIGNS000843	INDIV_1671
AALIGNS000861	INDIV_1672
AALIGNS000862	INDIV_1673
AALIGNS000863	INDIV_1674
AALIGNS000864	INDIV_1675
AALIGNS000869	INDIV_1676
AALIGNS000871	INDIV_1677
AALIGNS000877	INDIV_1678
AALIGNS000879	INDIV_1679
AALIGNS000880	INDIV_1680
AALIGNS000881	INDIV_1681
AALIGNS000882	INDIV_1682
AALIGNS000904	INDIV_1683
AALIGNS000905	INDIV_1684
AALIGNS000906	INDIV_1685
AALIGNS000907	INDIV_1686
AALIGNS000908	INDIV_1687
AALIGNS000909	INDIV_1688
AALIGNS000910	INDIV_1689
AALIGNS000911	INDIV_1690
AALIGNS000912	INDIV_1691
AALIGNS000913	INDIV_1692
AALIGNS000914	INDIV_1693
AALIGNS000915	INDIV_1694
AALIGNS000969	INDIV_1695
AALIGNS000971	INDIV_1696
AALIGNS000972	INDIV_1697
AALIGNS000973	INDIV_1698
AALIGNS000974	INDIV_1699
AALIGNS000975	INDIV_1700
AALIGNS000976	INDIV_1701
AALIGNS000977	INDIV_1702
AALIGNS000978	INDIV_1703
AALIGNS000979	INDIV_1704
AALIGNS000982	INDIV_1705
AALIGNS000983	INDIV_1706
AALIGNS000984	INDIV_1707
AALIGNS000985	INDIV_1708
AALIGNS000986	INDIV_1709
AALIGNS000987	INDIV_1710
AALIGNS000988	INDIV_1711
AALIGNS000989	INDIV_1712
AALIGNS000990	INDIV_1713
AALIGNS000991	INDIV_1714
AALIGNS000994	INDIV_1715
AALIGNS000995	INDIV_1716
AALIGNS000996	INDIV_1717
AALIGNS001005	INDIV_1718
AALIGNS001006	INDIV_1719
AALIGNS001007	INDIV_1720
AALIGNS001008	INDIV_1721
AALIGNS001009	INDIV_1722
AALIGNS001010	INDIV_1723
AALIGNS001012	INDIV_1724
AALIGNS001013	INDIV_1725
AALIGNS001015	INDIV_1726
AALIGNS001016	INDIV_1727
AALIGNS001017	INDIV_1728
AALIGNS001018	INDIV_1729
AALIGNS001020	INDIV_1730
AALIGNS001022	INDIV_1731
AALIGNS001023	INDIV_1732
AALIGNS001024	INDIV_1733
AALIGNS001025	INDIV_1734
AALIGNS001026	INDIV_1735
AALIGNS001027	INDIV_1736
AALIGNS001028	INDIV_1737
AALIGNS001029	INDIV_1738
AALIGNS001030	INDIV_1739
AALIGNS001031	INDIV_1740
AALIGNS001032	INDIV_1741
AALIGNS001033	INDIV_1742
AALIGNS001034	INDIV_1743
AALIGNS001035	INDIV_1744
AALIGNS001036	INDIV_1745
AALIGNS001037	INDIV_1746
AALIGNS001038	INDIV_1747
AALIGNS001039	INDIV_1748
AALIGNS001040	INDIV_1749
AALIGNS001063	INDIV_1750
AALIGNS001064	INDIV_1751
AALIGNS001065	INDIV_1752
AALIGNS001066	INDIV_1753
AALIGNS001067	INDIV_1754
AALIGNS001068	INDIV_1755
AALIGNS001089	INDIV_1756
AALIGNS001090	INDIV_1757
AALIGNS001091	INDIV_1758
AALIGNS001092	INDIV_1759
AALIGNS001093	INDIV_1760
AALIGNS001094	INDIV_1761
AALIGNS001095	INDIV_1762
AALIGNS001096	INDIV_1763
AALIGNS001099	INDIV_1764
AALIGNS001100	INDIV_1765
AALIGNS001101	INDIV_1766
AALIGNS001102	INDIV_1767
AALIGNS001103	INDIV_1768
AALIGNS001104	INDIV_1769
AALIGNS001105	INDIV_1770
AALIGNS001107	INDIV_1771
AALIGNS001108	INDIV_1772
AALIGNS001115	INDIV_1773
AALIGNS001116	INDIV_1774
AALIGNS001118	INDIV_1775
AALIGNS001119	INDIV_1776
AALIGNS001120	INDIV_1777
AALIGNS001123	INDIV_1778
AALIGNS001125	INDIV_1779
AALIGNS001126	INDIV_1780
AALIGNS001127	INDIV_1781
AALIGNS001129	INDIV_1782
AALIGNS001131	INDIV_1783
AALIGNS001132	INDIV_1784
AALIGNS001136	INDIV_1785
AALIGNS001139	INDIV_1786
AALIGNS001140	INDIV_1787
AALIGNS001151	INDIV_1788
AALIGNS001152	INDIV_1789
AALIGNS001179	INDIV_1790
AALIGNS001181	INDIV_1791
AALIGNS001184	INDIV_1792
AALIGNS001185	INDIV_1793
AALIGNS001186	INDIV_1794
AALIGNS001187	INDIV_1795
AALIGNS001188	INDIV_1796
AALIGNS001190	INDIV_1797
AALIGNS001191	INDIV_1798
AALIGNS001192	INDIV_1799
AALIGNS001193	INDIV_1800
AALIGNS001194	INDIV_1801
AALIGNS001195	INDIV_1802
AALIGNS001196	INDIV_1803
AALIGNS001197	INDIV_1804
AALIGNS001200	INDIV_1805
AALIGNS001204	INDIV_1806
AALIGNS001205	INDIV_1807
AALIGNS001207	INDIV_1808
AALIGNS001208	INDIV_1809
AALIGNS001209	INDIV_1810
AALIGNS001211	INDIV_1811
AALIGNS001212	INDIV_1812
AALIGNS001213	INDIV_1813
AALIGNS001214	INDIV_1814
AALIGNS001215	INDIV_1815
AALIGNS001216	INDIV_1816
AALIGNS001217	INDIV_1817
AALIGNS001218	INDIV_1818
AALIGNS001220	INDIV_1819
AALIGNS001221	INDIV_1820
AALIGNS001222	INDIV_1821
AALIGNS001223	INDIV_1822
AALIGNS001226	INDIV_1823
AALIGNS001227	INDIV_1824
AALIGNS001228	INDIV_1825
AALIGNS001230	INDIV_1826
AALIGNS001231	INDIV_1827
AALIGNS001232	INDIV_1828
AALIGNS001233	INDIV_1829
AALIGNS001234	INDIV_1830
AALIGNS001236	INDIV_1831
AALIGNS001237	INDIV_1832
AALIGNS001238	INDIV_1833
AALIGNS001239	INDIV_1834
AALIGNS001240	INDIV_1835
AALIGNS001241	INDIV_1836
AALIGNS001242	INDIV_1837
AALIGNS001243	INDIV_1838
AALIGNS001246	INDIV_1839
AALIGNS001247	INDIV_1840
AALIGNS001248	INDIV_1841
AALIGNS001250	INDIV_1842
AALIGNS001251	INDIV_1843
AALIGNS001252	INDIV_1844
AALIGNS001253	INDIV_1845
AALIGNS001254	INDIV_1846
AALIGNS001255	INDIV_1847
AALIGNS001256	INDIV_1848
AALIGNS001257	INDIV_1849
AALIGNS001258	INDIV_1850
AALIGNS001259	INDIV_1851
AALIGNS001260	INDIV_1852
AALIGNS001261	INDIV_1853
AALIGNS001262	INDIV_1854
AALIGNS001263	INDIV_1855
AALIGNS001264	INDIV_1856
AALIGNS001265	INDIV_1857
AALIGNS001266	INDIV_1858
AALIGNS001267	INDIV_1859
AALIGNS001268	INDIV_1860
AALIGNS001269	INDIV_1861
AALIGNS001274	INDIV_1862
AALIGNS001276	INDIV_1863
AALIGNS001277	INDIV_1864
AALIGNS001278	INDIV_1865
AALIGNS001279	INDIV_1866
AALIGNS001280	INDIV_1867
AALIGNS001281	INDIV_1868
AALIGNS001282	INDIV_1869
AALIGNS001283	INDIV_1870
AALIGNS001284	INDIV_1871
AALIGNS001285	INDIV_1872
AALIGNS001286	INDIV_1873
AALIGNS001287	INDIV_1874
AALIGNS001288	INDIV_1875
AALIGNS001289	INDIV_1876
AALIGNS001290	INDIV_1877
AALIGNS001291	INDIV_1878
AALIGNS001292	INDIV_1879
AALIGNS001293	INDIV_1880
AALIGNS001294	INDIV_1881
AALIGNS001295	INDIV_1882
AALIGNS001296	INDIV_1883
AALIGNS001297	INDIV_1884
AALIGNS001298	INDIV_1885
AALIGNS001299	INDIV_1886
AALIGNS001300	INDIV_1887
AALIGNS001301	INDIV_1888
AALIGNS001302	INDIV_1889
AALIGNS001303	INDIV_1890
AALIGNS001304	INDIV_1891
AALIGNS001305	INDIV_1892
AALIGNS001306	INDIV_1893
AALIGNS001307	INDIV_1894
AALIGNS001308	INDIV_1895
AALIGNS001309	INDIV_1896
AALIGNS001319	INDIV_1897
AALIGNS001320	INDIV_1898
AALIGNS001321	INDIV_1899
AALIGNS001322	INDIV_1900
AALIGNS001323	INDIV_1901
AALIGNS001324	INDIV_1902
AALIGNS001325	INDIV_1903
AALIGNS001326	INDIV_1904
AALIGNS001328	INDIV_1905
AALIGNS001329	INDIV_1906
AALIGNS001330	INDIV_1907
AALIGNS001333	INDIV_1908
AALIGNS001334	INDIV_1909
AALIGNS001337	INDIV_1910
AALIGNS001341	INDIV_1911
AALIGNS001351	INDIV_1912
AALIGNS001353	INDIV_1913
AALIGNS001356	INDIV_1914
AALIGNS001361	INDIV_1915
AALIGNS001374	INDIV_1916
AALIGNS001408	INDIV_1917
AALIGNS001420	INDIV_1918
AALIGNS001462	INDIV_1919
AALIGNS001528	INDIV_1920
AALIGNS001547	INDIV_1921
AALIGNS001548	INDIV_1922
AALIGNS001554	INDIV_1923
AALIGNS001564	INDIV_1924
AALIGNS001585	INDIV_1925
AALIGNS001586	INDIV_1926
AALIGNS001591	INDIV_1927
AALIGNS001592	INDIV_1928
AALIGNS001593	INDIV_1929
AALIGNS001594	INDIV_1930
AALIGNS001595	INDIV_1931
AALIGNS001596	INDIV_1932
AALIGNS001629	INDIV_1933
AALIGNS001636	INDIV_1934
AALIGNS001637	INDIV_1935
AALIGNS001638	INDIV_1936
AALIGNS001639	INDIV_1937
AALIGNS001640	INDIV_1938
AALIGNS001641	INDIV_1939
AALIGNS001642	INDIV_1940
AALIGNS001643	INDIV_1941
AALIGNS001644	INDIV_1942
AALIGNS001645	INDIV_1943
AALIGNS001646	INDIV_1944
AALIGNS001647	INDIV_1945
AALIGNS001648	INDIV_1946
AALIGNS001649	INDIV_1947
AALIGNS001650	INDIV_1948
AALIGNS001651	INDIV_1949
AALIGNS001653	INDIV_1950
AALIGNS001654	INDIV_1951
AALIGNS001655	INDIV_1952
AALIGNS001656	INDIV_1953
AALIGNS001657	INDIV_1954
AALIGNS001658	INDIV_1955
AALIGNS001659	INDIV_1956
AALIGNS001660	INDIV_1957
AALIGNS001661	INDIV_1958
AALIGNS001662	INDIV_1959
AALIGNS001663	INDIV_1960
AALIGNS001664	INDIV_1961
AALIGNS001677	INDIV_1962
AALIGNS001683	INDIV_1963
AALIGNS001687	INDIV_1964
AALIGNS001688	INDIV_1965
AALIGNS001692	INDIV_1966
AALIGNS001693	INDIV_1967
AALIGNS001694	INDIV_1968
AALIGNS001695	INDIV_1969
AALIGNS001696	INDIV_1970
AALIGNS001697	INDIV_1971
AALIGNS001698	INDIV_1972
AALIGNS001699	INDIV_1973
AALIGNS001700	INDIV_1974
AALIGNS001701	INDIV_1975
AALIGNS001704	INDIV_1976
AALIGNS001705	INDIV_1977
AALIGNS001706	INDIV_1978
AALIGNS001707	INDIV_1979
AALIGNS001739	INDIV_1980
AALIGNS001740	INDIV_1981
AALIGNS001772	INDIV_1982
AALIGNS001777	INDIV_1983
AALIGNS001778	INDIV_1984
AALIGNS001779	INDIV_1985
AALIGNS001780	INDIV_1986
AALIGNS001781	INDIV_1987
AALIGNS001783	INDIV_1988
AALIGNS001784	INDIV_1989
AALIGNS001786	INDIV_1990
AALIGNS001788	INDIV_1991
AALIGNS001789	INDIV_1992
AALIGNS001792	INDIV_1993
AALIGNS001793	INDIV_1994
AALIGNS001798	INDIV_1995
AALIGNS001802	INDIV_1996
AALIGNS001803	INDIV_1997
AALIGNS001804	INDIV_1998
AALIGNS001805	INDIV_1999
AALIGNS001808	INDIV_2000
AALIGNS001809	INDIV_2001
AALIGNS001810	INDIV_2002
AALIGNS001814	INDIV_2003
AALIGNS001817	INDIV_2004
AALIGNS001864	INDIV_2005
AALIGNS001867	INDIV_2006
AALIGNS001869	INDIV_2007
AALIGNS001871	INDIV_2008
AALIGNS001875	INDIV_2009
AALIGNS001876	INDIV_2010
AALIGNS001880	INDIV_2011
AALIGNS001881	INDIV_2012
AALIGNS001882	INDIV_2013
AALIGNS001884	INDIV_2014
AALIGNS001888	INDIV_2015
AALIGNS001890	INDIV_2016
AALIGNS001892	INDIV_2017
AALIGNS001894	INDIV_2018
AALIGNS001900	INDIV_2019
AALIGNS001904	INDIV_2020
AALIGNS001905	INDIV_2021
AALIGNS001906	INDIV_2022
AALIGNS001909	INDIV_2023
AALIGNS001945	INDIV_2024
AALIGNS001946	INDIV_2025
AALIGNS001947	INDIV_2026
AALIGNS001948	INDIV_2027
AALIGNS001949	INDIV_2028
AALIGNS001955	INDIV_2029
AALIGNS001956	INDIV_2030
AALIGNS001960	INDIV_2031
AALIGNS001961	INDIV_2032
AALIGNS001965	INDIV_2033
AALIGNS001966	INDIV_2034
AALIGNS001967	INDIV_2035
AALIGNS001968	INDIV_2036
AALIGNS001969	INDIV_2037
AALIGNS001971	INDIV_2038
AALIGNS001972	INDIV_2039
AALIGNS001975	INDIV_2040
AALIGNS001977	INDIV_2041
AALIGNS001980	INDIV_2042
AALIGNS001982	INDIV_2043
AALIGNS001983	INDIV_2044
AALIGNS001984	INDIV_2045
AALIGNS001985	INDIV_2046
AALIGNS001986	INDIV_2047
AALIGNS001987	INDIV_2048
AALIGNS001988	INDIV_2049
AALIGNS001989	INDIV_2050
AALIGNS001990	INDIV_2051
AALIGNS001991	INDIV_2052
AALIGNS001992	INDIV_2053
AALIGNS001993	INDIV_2054
AALIGNS001994	INDIV_2055
AALIGNS001995	INDIV_2056
AALIGNS001996	INDIV_2057
AALIGNS001997	INDIV_2058
AALIGNS001998	INDIV_2059
AALIGNS001999	INDIV_2060
AALIGNS002000	INDIV_2061
AALIGNS002001	INDIV_2062
AALIGNS002002	INDIV_2063
AALIGNS002003	INDIV_2064
AALIGNS002004	INDIV_2065
AALIGNS002005	INDIV_2066
AALIGNS002006	INDIV_2067
AALIGNS002007	INDIV_2068
AALIGNS002008	INDIV_2069
AALIGNS002009	INDIV_2070
AALIGNS002010	INDIV_2071
AALIGNS002011	INDIV_2072
AALIGNS002012	INDIV_2073
AALIGNS002013	INDIV_2074
AALIGNS002014	INDIV_2075
AALIGNS002015	INDIV_2076
AALIGNS002016	INDIV_2077
AALIGNS002017	INDIV_2078
AALIGNS002018	INDIV_2079
AALIGNS002019	INDIV_2080
AALIGNS002020	INDIV_2081
AALIGNS002021	INDIV_2082
AALIGNS002022	INDIV_2083
AALIGNS002023	INDIV_2084
AALIGNS002024	INDIV_2085
AALIGNS002025	INDIV_2086
AALIGNS002026	INDIV_2087
AALIGNS002027	INDIV_2088
AALIGNS002028	INDIV_2089
AALIGNS002029	INDIV_2090
AALIGNS002030	INDIV_2091
AALIGNS002031	INDIV_2092
AALIGNS002032	INDIV_2093
AALIGNS002036	INDIV_2094
AALIGNS002099	INDIV_2095
AALIGNS002100	INDIV_2096
AALIGNS002101	INDIV_2097
AALIGNS002102	INDIV_2098
AALIGNS002103	INDIV_2099
AALIGNS002104	INDIV_2100
AALIGNS002105	INDIV_2101
AALIGNS002106	INDIV_2102
AALIGNS002107	INDIV_2103
AALIGNS002131	INDIV_2104
AALIGNS002132	INDIV_2105
AALIGNS002133	INDIV_2106
AALIGNS002134	INDIV_2107
AALIGNS002147	INDIV_2108
AALIGNS002148	INDIV_2109
AALIGNS002155	INDIV_2110
AALIGNS002160	INDIV_2111
AALIGNS002161	INDIV_2112
AALIGNS002162	INDIV_2113
AALIGNS002163	INDIV_2114
AALIGNS002164	INDIV_2115
AALIGNS002165	INDIV_2116
AALIGNS002166	INDIV_2117
AALIGNS002167	INDIV_2118
AALIGNS002168	INDIV_2119
AALIGNS002169	INDIV_2120
AALIGNS002175	INDIV_2121
AALIGNS002176	INDIV_2122
AALIGNS002177	INDIV_2123
AALIGNS002178	INDIV_2124
AALIGNS002181	INDIV_2125
AALIGNS002182	INDIV_2126
AALIGNS002183	INDIV_2127
AALIGNS002184	INDIV_2128
AALIGNS002185	INDIV_2129
AALIGNS002187	INDIV_2130
AALIGNS002188	INDIV_2131
AALIGNS002193	INDIV_2132
AALIGNS002194	INDIV_2133
AALIGNS002195	INDIV_2134
AALIGNS002197	INDIV_2135
AALIGNS002198	INDIV_2136
AALIGNS002199	INDIV_2137
AALIGNS002200	INDIV_2138
AALIGNS002201	INDIV_2139
AALIGNS002203	INDIV_2140
AALIGNS002204	INDIV_2141
AALIGNS002205	INDIV_2142
AALIGNS002206	INDIV_2143
AALIGNS002207	INDIV_2144
AALIGNS002208	INDIV_2145
AALIGNS002209	INDIV_2146
AALIGNS002210	INDIV_2147
AALIGNS002211	INDIV_2148
AALIGNS002212	INDIV_2149
AALIGNS002213	INDIV_2150
AALIGNS002214	INDIV_2151
AALIGNS002215	INDIV_2152
AALIGNS002216	INDIV_2153
AALIGNS002218	INDIV_2154
AALIGNS002223	INDIV_2155
AALIGNS002224	INDIV_2156
AALIGNS002225	INDIV_2157
AALIGNS002226	INDIV_2158
AALIGNS002227	INDIV_2159
AALIGNS002228	INDIV_2160
AALIGNS002229	INDIV_2161
AALIGNS002230	INDIV_2162
AALIGNS002231	INDIV_2163
AALIGNS002232	INDIV_2164
AALIGNS002233	INDIV_2165
AALIGNS002234	INDIV_2166
AALIGNS002239	INDIV_2167
AALIGNS002240	INDIV_2168
AALIGNS002241	INDIV_2169
AALIGNS002242	INDIV_2170
AALIGNS002251	INDIV_2171
AALIGNS002252	INDIV_2172
AALIGNS002253	INDIV_2173
AALIGNS002255	INDIV_2174
AALIGNS002256	INDIV_2175
AALIGNS002257	INDIV_2176
AALIGNS002258	INDIV_2177
AALIGNS002259	INDIV_2178
AALIGNS002260	INDIV_2179
AALIGNS002261	INDIV_2180
AALIGNS002262	INDIV_2181
AALIGNS002263	INDIV_2182
AALIGNS002265	INDIV_2183
AALIGNS002266	INDIV_2184
AALIGNS002267	INDIV_2185
AALIGNS002270	INDIV_2186
AALIGNS002271	INDIV_2187
AALIGNS002272	INDIV_2188
AALIGNS002273	INDIV_2189
AALIGNS002275	INDIV_2190
AALIGNS002276	INDIV_2191
AALIGNS002277	INDIV_2192
AALIGNS002278	INDIV_2193
AALIGNS002281	INDIV_2194
AALIGNS002282	INDIV_2195
AALIGNS002283	INDIV_2196
AALIGNS002284	INDIV_2197
AALIGNS002286	INDIV_2198
AALIGNS002287	INDIV_2199
AALIGNS002289	INDIV_2200
AALIGNS002290	INDIV_2201
AALIGNS002298	INDIV_2202
AALIGNS002299	INDIV_2203
AALIGNS002300	INDIV_2204
AALIGNS002301	INDIV_2205
AALIGNS002303	INDIV_2206
AALIGNS002304	INDIV_2207
AALIGNS002305	INDIV_2208
AALIGNS002306	INDIV_2209
AALIGNS002307	INDIV_2210
AALIGNS002308	INDIV_2211
AALIGNS002309	INDIV_2212
AALIGNS002310	INDIV_2213
AALIGNS002319	INDIV_2214
AALIGNS002320	INDIV_2215
AALIGNS002321	INDIV_2216
AALIGNS002322	INDIV_2217
AALIGNS002323	INDIV_2218
AALIGNS002324	INDIV_2219
AALIGNS002329	INDIV_2220
AALIGNS002330	INDIV_2221
AALIGNS002331	INDIV_2222
AALIGNS002332	INDIV_2223
AALIGNS002333	INDIV_2224
AALIGNS002334	INDIV_2225
AALIGNS002335	INDIV_2226
AALIGNS002336	INDIV_2227
AALIGNS002337	INDIV_2228
AALIGNS002338	INDIV_2229
AALIGNS002339	INDIV_2230
AALIGNS002340	INDIV_2231
AALIGNS002341	INDIV_2232
AALIGNS002342	INDIV_2233
AALIGNS002343	INDIV_2234
AALIGNS002344	INDIV_2235
AALIGNS002345	INDIV_2236
AALIGNS002346	INDIV_2237
AALIGNS002347	INDIV_2238
AALIGNS002348	INDIV_2239
AALIGNS002349	INDIV_2240
AALIGNS002350	INDIV_2241
AALIGNS002351	INDIV_2242
AALIGNS002352	INDIV_2243
AALIGNS002353	INDIV_2244
AALIGNS002354	INDIV_2245
AALIGNS002355	INDIV_2246
AALIGNS002356	INDIV_2247
AALIGNS002357	INDIV_2248
AALIGNS002358	INDIV_2249
AALIGNS002359	INDIV_2250
AALIGNS002360	INDIV_2251
AALIGNS002361	INDIV_2252
AALIGNS002362	INDIV_2253
AALIGNS002363	INDIV_2254
AALIGNS002364	INDIV_2255
AALIGNS002365	INDIV_2256
AALIGNS002366	INDIV_2257
AALIGNS002399	INDIV_2258
AALIGNS002400	INDIV_2259
AALIGNS002402	INDIV_2260
AALIGNS002403	INDIV_2261
AALIGNS002404	INDIV_2262
AALIGNS002405	INDIV_2263
AALIGNS002406	INDIV_2264
AALIGNS002407	INDIV_2265
AALIGNS002408	INDIV_2266
AALIGNS002409	INDIV_2267
AALIGNS002410	INDIV_2268
AALIGNS002411	INDIV_2269
AALIGNS002412	INDIV_2270
AALIGNS002413	INDIV_2271
AALIGNS002425	INDIV_2272
AALIGNS002431	INDIV_2273
AALIGNS002432	INDIV_2274
AALIGNS002433	INDIV_2275
AALIGNS002434	INDIV_2276
AALIGNS002435	INDIV_2277
AALIGNS002436	INDIV_2278
AALIGNS002437	INDIV_2279
AALIGNS002438	INDIV_2280
AALIGNS002439	INDIV_2281
AALIGNS002440	INDIV_2282
AALIGNS002441	INDIV_2283
AALIGNS002442	INDIV_2284
AALIGNS002443	INDIV_2285
AALIGNS002444	INDIV_2286
AALIGNS002473	INDIV_2287
AALIGNS002474	INDIV_2288
AALIGNS002475	INDIV_2289
AALIGNS002476	INDIV_2290
AALIGNS002477	INDIV_2291
AALIGNS002478	INDIV_2292
AALIGNS002479	INDIV_2293
AALIGNS002480	INDIV_2294
AALIGNS002481	INDIV_2295
AALIGNS002482	INDIV_2296
AALIGNS002483	INDIV_2297
AALIGNS002484	INDIV_2298
AALIGNS002486	INDIV_2299
AALIGNS002487	INDIV_2300
AALIGNS002488	INDIV_2301
AALIGNS002489	INDIV_2302
AALIGNS002490	INDIV_2303
AALIGNS002492	INDIV_2304
AALIGNS002493	INDIV_2305
AALIGNS002494	INDIV_2306
AALIGNS002496	INDIV_2307
AALIGNS002497	INDIV_2308
AALIGNS002498	INDIV_2309
AALIGNS002499	INDIV_2310
AALIGNS002504	INDIV_2311
AALIGNS002506	INDIV_2312
AALIGNS002507	INDIV_2313
AALIGNS002508	INDIV_2314
AALIGNS002509	INDIV_2315
AALIGNS002510	INDIV_2316
AALIGNS002511	INDIV_2317
AALIGNS002512	INDIV_2318
AALIGNS002513	INDIV_2319
AALIGNS002514	INDIV_2320
AALIGNS002515	INDIV_2321
AALIGNS002516	INDIV_2322
AALIGNS002517	INDIV_2323
AALIGNS002518	INDIV_2324
AALIGNS002539	INDIV_2325
AALIGNS002540	INDIV_2326
AALIGNS002541	INDIV_2327
AALIGNS002542	INDIV_2328
AALIGNS002547	INDIV_2329
AALIGNS002548	INDIV_2330
AALIGNS002549	INDIV_2331
AALIGNS002554	INDIV_2332
AALIGNS002556	INDIV_2333
AALIGNS002557	INDIV_2334
AALIGNS002559	INDIV_2335
AALIGNS002562	INDIV_2336
AALIGNS002563	INDIV_2337
AALIGNS002564	INDIV_2338
AALIGNS002571	INDIV_2339
AALIGNS002577	INDIV_2340
AALIGNS002578	INDIV_2341
AALIGNS002579	INDIV_2342
AALIGNS002580	INDIV_2343
AALIGNS002581	INDIV_2344
AALIGNS002582	INDIV_2345
AALIGNS002583	INDIV_2346
AALIGNS002584	INDIV_2347
AALIGNS002585	INDIV_2348
AALIGNS002586	INDIV_2349
AALIGNS002587	INDIV_2350
AALIGNS002588	INDIV_2351
AALIGNS002589	INDIV_2352
AALIGNS002590	INDIV_2353
AALIGNS002591	INDIV_2354
AALIGNS002592	INDIV_2355
AALIGNS002593	INDIV_2356
AALIGNS002594	INDIV_2357
AALIGNS002595	INDIV_2358
AALIGNS002596	INDIV_2359
AALIGNS002599	INDIV_2360
AALIGNS002600	INDIV_2361
AALIGNS002601	INDIV_2362
AALIGNS002634	INDIV_2363
AALIGNS002635	INDIV_2364
AALIGNS002636	INDIV_2365
AALIGNS002637	INDIV_2366
AALIGNS002638	INDIV_2367
AALIGNS002639	INDIV_2368
AALIGNS002643	INDIV_2369
AALIGNS002644	INDIV_2370
AALIGNS002645	INDIV_2371
AALIGNS002646	INDIV_2372
AALIGNS002670	INDIV_2373
AALIGNS002671	INDIV_2374
AALIGNS002672	INDIV_2375
AALIGNS002726	INDIV_2376
AALIGNS002768	INDIV_2377
AALIGNS002777	INDIV_2378
AALIGNS002778	INDIV_2379
AALIGNS002780	INDIV_2380
AALIGNS002781	INDIV_2381
AALIGNS002783	INDIV_2382
AALIGNS002789	INDIV_2383
AALIGNS002790	INDIV_2384
AALIGNS002791	INDIV_2385
AALIGNS002792	INDIV_2386
AALIGNS002793	INDIV_2387
AALIGNS002794	INDIV_2388
AALIGNS002798	INDIV_2389
AALIGNS002799	INDIV_2390
AALIGNS002800	INDIV_2391
AALIGNS002801	INDIV_2392
AALIGNS002802	INDIV_2393
AALIGNS002803	INDIV_2394
AALIGNS002804	INDIV_2395
AALIGNS002805	INDIV_2396
AALIGNS002806	INDIV_2397
AALIGNS002807	INDIV_2398
AALIGNS002808	INDIV_2399
AALIGNS002819	INDIV_2400
AALIGNS002822	INDIV_2401
AALIGNS002823	INDIV_2402
AALIGNS002825	INDIV_2403
AALIGNS002826	INDIV_2404
AALIGNS002829	INDIV_2405
AALIGNS002831	INDIV_2406
AALIGNS002833	INDIV_2407
AALIGNS002836	INDIV_2408
AALIGNS002840	INDIV_2409
AALIGNS002844	INDIV_2410
AALIGNS002845	INDIV_2411
AALIGNS002846	INDIV_2412
AALIGNS002847	INDIV_2413
AALIGNS002850	INDIV_2414
AALIGNS002851	INDIV_2415
AALIGNS002854	INDIV_2416
AALIGNS002856	INDIV_2417
AALIGNS002857	INDIV_2418
AALIGNS002859	INDIV_2419
AALIGNS002861	INDIV_2420
AALIGNS002863	INDIV_2421
AALIGNS002864	INDIV_2422
AALIGNS002865	INDIV_2423
AALIGNS002869	INDIV_2424
AALIGNS002872	INDIV_2425
AALIGNS002876	INDIV_2426
AALIGNS002879	INDIV_2427
AALIGNS002880	INDIV_2428
AALIGNS002881	INDIV_2429
AALIGNS002884	INDIV_2430
AALIGNS002889	INDIV_2431
AALIGNS002891	INDIV_2432
AALIGNS002893	INDIV_2433
AALIGNS002895	INDIV_2434
AALIGNS002896	INDIV_2435
AALIGNS002897	INDIV_2436
AALIGNS002898	INDIV_2437
AALIGNS002900	INDIV_2438
AALIGNS002902	INDIV_2439
AALIGNS002903	INDIV_2440
AALIGNS002904	INDIV_2441
AALIGNS002905	INDIV_2442
AALIGNS002906	INDIV_2443
AALIGNS002907	INDIV_2444
AALIGNS002908	INDIV_2445
AALIGNS002909	INDIV_2446
AALIGNS002918	INDIV_2447
AALIGNS002924	INDIV_2448
AALIGNS001628	INDIV_2449
AALIGNS008855	INDIV_2450
AALIGNS007886	INDIV_2451
AALIGNS000750	INDIV_2452
AALIGNS001863	INDIV_2453
AALIGNS009559	INDIV_2454
AALIGNS002706	INDIV_2455
AALIGNS009361	INDIV_2455
AALIGNS003653	INDIV_2456
AALIGNS003082	INDIV_2456
AALIGNS003648	INDIV_2457
AALIGNS003071	INDIV_2457
AALIGNS003074	INDIV_2458
AALIGNS003644	INDIV_2458
AALIGNS003642	INDIV_2459
AALIGNS003099	INDIV_2459
AALIGNS003643	INDIV_2460
AALIGNS003101	INDIV_2460
AALIGNS002186	INDIV_2461
